s	1724699760	18636.100000	1724700000	18642.100000
s	1724728620	18645.800000	1724729340	18645.800000
s	1724729520	18642.800000	1724730180	18643.500000
s	1724749560	18689.600000	1724750400	18690.100000
s	1724756520	18663.100000	1724757480	18666.100000
s	1724759520	18702.100000	1724759820	18708.100000
s	1724767980	18700.100000	1724768640	18706.100000
s	1724778540	18702.100000	1724778900	18706.100000
b	1724781960	18718.100000	1724782320	18714.100000
b	1724785320	18705.100000	1724785740	18707.100000
s	1724786160	18704.100000	1724786760	18703.100000
b	1724786760	18703.100000	1724787000	18701.100000
s	1724787000	18701.100000	1724787360	18705.100000
b	1724787720	18701.100000	1724787900	18705.100000
s	1724805420	18698.300000	1724805660	18692.800000
b	1724806500	18695.800000	1724806860	18697.800000
s	1724806860	18697.800000	1724807040	18693.800000
b	1724807040	18693.800000	1724807100	18699.800000
s	1724811540	18705.800000	1724812740	18705.800000
s	1724813700	18706.800000	1724813940	18706.800000
s	1724815380	18707.800000	1724815440	18706.800000
b	1724815440	18706.800000	1724816400	18705.800000
s	1724819760	18715.500000	1724820180	18716.800000
s	1724827380	18726.100000	1724828760	18743.100000
s	1724832120	18776.100000	1724832840	18778.100000
b	1724832840	18778.100000	1724833560	18777.100000
s	1724833860	18784.100000	1724835000	18799.800000
b	1724836080	18793.100000	1724836200	18784.100000
b	1724836200	18784.100000	1724836620	18789.100000
b	1724841480	18838.100000	1724842200	18834.100000
b	1724842200	18834.100000	1724842740	18839.100000
s	1724844420	18852.100000	1724844720	18861.100000
s	1724845080	18862.800000	1724845320	18855.100000
s	1724846400	18850.100000	1724846820	18847.100000
b	1724849640	18817.100000	1724850300	18827.100000
s	1724850300	18827.100000	1724851200	18820.100000
b	1724852400	18847.100000	1724853600	18850.100000
b	1724854080	18850.100000	1724854740	18842.100000
b	1724854740	18842.100000	1724855760	18837.100000
b	1724855760	18837.100000	1724856300	18828.100000
s	1724856300	18828.100000	1724856480	18837.100000
b	1724856540	18828.100000	1724856660	18838.100000
b	1724856660	18838.100000	1724857140	18834.100000
s	1724859780	18794.100000	1724859900	18801.100000
b	1724859900	18801.100000	1724861340	18806.100000
b	1724861760	18803.100000	1724862720	18798.100000
b	1724862720	18798.100000	1724864400	18814.100000
b	1724870760	18742.100000	1724871060	18747.100000
s	1724874180	18789.100000	1724874840	18790.600000
s	1724891880	18777.300000	1724892420	18775.300000
b	1724893800	18779.300000	1724894340	18775.300000
b	1724894340	18775.300000	1724894640	18773.300000
b	1724895360	18769.300000	1724896440	18773.300000
b	1724897100	18768.300000	1724897400	18764.300000
s	1724897400	18764.300000	1724898120	18765.300000
b	1724898120	18765.300000	1724900160	18778.300000
s	1724900640	18784.300000	1724900820	18780.300000
b	1724901300	18780.300000	1724902260	18787.300000
s	1724902980	18786.300000	1724904000	18787.300000
b	1724907600	18788.300000	1724908380	18790.300000
s	1724908380	18790.300000	1724908860	18790.300000
s	1724911440	18794.300000	1724911920	18799.600000
s	1724911920	18799.600000	1724912160	18789.600000
b	1724912160	18789.600000	1724912400	18797.600000
b	1724912700	18791.600000	1724913120	18793.600000
b	1724913120	18793.600000	1724913840	18796.600000
s	1724914260	18796.600000	1724914680	18801.600000
s	1724914680	18801.600000	1724916300	18815.600000
b	1724917080	18808.600000	1724917440	18817.600000
s	1724917440	18817.600000	1724917860	18808.600000
b	1724917860	18808.600000	1724918460	18812.600000
b	1724918460	18812.600000	1724919600	18847.600000
s	1724920140	18839.600000	1724921160	18865.100000
b	1724926200	18914.600000	1724926920	18906.600000
b	1724928300	18904.600000	1724928780	18908.600000
b	1724929860	18901.600000	1724930520	18907.600000
b	1724930520	18907.600000	1724932320	18922.600000
b	1724933700	18914.600000	1724934240	18911.600000
b	1724934240	18911.600000	1724934960	18913.600000
b	1724936400	18918.600000	1724937180	18912.600000
s	1724937180	18912.600000	1724938200	18917.600000
b	1724938200	18917.600000	1724939220	18891.600000
b	1724939220	18891.600000	1724939400	18876.600000
b	1724939400	18876.600000	1724940000	18888.600000
b	1724941140	18898.600000	1724941560	18912.600000
s	1724941560	18912.600000	1724941920	18904.600000
s	1724942220	18913.600000	1724942460	18900.600000
b	1724942640	18915.600000	1724942940	18903.600000
s	1724943120	18912.600000	1724943420	18906.600000
b	1724944380	18911.600000	1724944800	18906.600000
b	1724948640	18965.600000	1724949120	18963.600000
b	1724949120	18963.600000	1724949780	18962.600000
b	1724949780	18962.600000	1724950140	18958.600000
b	1724951760	18935.600000	1724952540	18931.600000
b	1724952540	18931.600000	1724953860	18924.600000
s	1724954400	18926.600000	1724955780	18925.600000
s	1724955780	18925.600000	1724955900	18920.600000
b	1724955900	18920.600000	1724957700	18853.600000
b	1724957700	18853.600000	1724958000	18836.600000
b	1724958000	18836.600000	1724958600	18849.600000
s	1724958960	18850.600000	1724960460	18868.600000
b	1724977800	18871.300000	1724978280	18873.000000
b	1724978280	18873.000000	1724978880	18873.300000
b	1724979660	18873.300000	1724980020	18867.300000
b	1724980020	18867.300000	1724981040	18869.300000
b	1724981280	18862.800000	1724981460	18870.300000
s	1724982660	18879.300000	1724982720	18876.300000
b	1724982780	18879.300000	1724983140	18876.300000
s	1724983140	18876.300000	1724983380	18879.300000
b	1724983380	18879.300000	1724985720	18890.300000
s	1724985780	18891.300000	1724986440	18890.300000
s	1724986440	18890.300000	1724987820	18882.300000
b	1724989140	18873.300000	1724989620	18875.300000
b	1724990160	18874.300000	1724990400	18878.300000
s	1724994240	18881.300000	1724994840	18876.300000
b	1724995800	18876.300000	1724995980	18871.300000
s	1724995980	18871.300000	1724996160	18877.300000
b	1724996160	18877.300000	1724997540	18887.300000
s	1724997660	18898.600000	1724998560	18891.200000
s	1724998560	18891.200000	1724998920	18898.600000
b	1724998920	18898.600000	1724999760	18892.200000
b	1725000300	18883.600000	1725000720	18890.600000
b	1725001140	18887.600000	1725001200	18896.600000
s	1725001200	18896.600000	1725003960	18931.600000
s	1725003960	18931.600000	1725004440	18931.600000
s	1725005040	18934.600000	1725005460	18938.600000
b	1725005460	18938.600000	1725005940	18932.600000
b	1725006360	18940.600000	1725007680	18937.600000
s	1725009720	18957.600000	1725010740	18945.600000
b	1725014400	18951.600000	1725015300	18956.600000
s	1725016080	18957.600000	1725016260	18962.600000
b	1725016620	18962.600000	1725016800	18954.600000
b	1725016800	18954.600000	1725017460	18956.600000
b	1725018120	18955.600000	1725018660	18954.600000
s	1725020280	18967.600000	1725021000	18972.600000
s	1725021000	18972.600000	1725021660	18968.600000
b	1725024240	18970.600000	1725025140	18962.600000
b	1725025140	18962.600000	1725025620	18954.600000
b	1725025620	18954.600000	1725026280	18956.600000
b	1725026280	18956.600000	1725026520	18947.600000
s	1725026520	18947.600000	1725027000	18956.600000
s	1725027000	18956.600000	1725027180	18944.600000
b	1725027600	18954.600000	1725028080	18946.600000
s	1725028080	18946.600000	1725028980	18942.900000
b	1725028980	18942.900000	1725029040	18930.600000
b	1725030060	18933.600000	1725030240	18919.600000
b	1725031080	18929.600000	1725032100	18916.600000
b	1725037800	18905.600000	1725037980	18911.600000
s	1725038340	18904.600000	1725038700	18907.600000
s	1725040020	18910.600000	1725040260	18916.600000
s	1725041220	18917.600000	1725041940	18920.600000
s	1725044220	18929.600000	1725044640	18934.600000
b	1725044700	18929.600000	1725045540	18926.600000
b	1725045540	18926.600000	1725046380	18931.600000
b	1725046380	18931.600000	1725046800	18938.600000
s	1725046800	18938.600000	1725046980	18933.600000
s	1725046980	18933.600000	1725047340	18940.600000
b	1725239220	18933.300000	1725239700	18934.300000
b	1725239700	18934.300000	1725239880	18938.300000
b	1725243000	18924.300000	1725244200	18916.300000
b	1725244920	18915.800000	1725245040	18921.300000
b	1725246060	18916.300000	1725246540	18920.300000
s	1725246540	18920.300000	1725246960	18919.300000
b	1725247980	18925.300000	1725248760	18918.300000
b	1725256080	18944.800000	1725256560	18945.300000
b	1725256860	18946.300000	1725257340	18934.200000
b	1725257340	18934.200000	1725257820	18934.600000
b	1725258720	18927.600000	1725259080	18932.600000
s	1725259080	18932.600000	1725259440	18927.600000
b	1725260040	18929.600000	1725260460	18921.600000
b	1725260460	18921.600000	1725262560	18832.100000
s	1725264240	18856.100000	1725264600	18867.100000
b	1725268080	18890.100000	1725268680	18887.100000
s	1725268680	18887.100000	1725269160	18892.100000
b	1725272280	18896.100000	1725272700	18889.100000
s	1725272700	18889.100000	1725273540	18888.100000
b	1725273540	18888.100000	1725274200	18888.100000
s	1725274440	18892.100000	1725276180	18895.100000
b	1725277500	18900.100000	1725277980	18903.100000
b	1725278460	18899.100000	1725278580	18905.100000
b	1725279360	18901.100000	1725279600	18910.100000
b	1725280560	18908.100000	1725280740	18916.100000
b	1725281040	18909.100000	1725281280	18916.100000
b	1725282360	18911.100000	1725282840	18911.100000
b	1725283500	18907.100000	1725284220	18903.100000
s	1725285120	18913.100000	1725285540	18910.100000
s	1725289920	18944.100000	1725289980	18939.100000
s	1725290580	18939.100000	1725291060	18942.100000
b	1725291060	18942.100000	1725291960	18947.100000
b	1725291960	18947.100000	1725292500	18950.100000
s	1725292500	18950.100000	1725292920	18949.100000
b	1725293760	18952.100000	1725294480	18951.100000
b	1725294480	18951.100000	1725295260	18953.100000
b	1725296340	18952.100000	1725297120	18953.100000
b	1725297120	18953.100000	1725297300	18955.100000
s	1725297300	18955.100000	1725297780	18955.100000
b	1725297780	18955.100000	1725297900	18956.100000
b	1725298920	18955.900000	1725299160	18958.100000
s	1725299160	18958.100000	1725299760	18958.100000
b	1725300420	18959.100000	1725301020	18958.100000
b	1725302400	18958.100000	1725302460	18956.900000
s	1725302460	18956.900000	1725302520	18958.100000
b	1725302520	18958.100000	1725302940	18956.900000
b	1725303060	18958.100000	1725303960	18957.100000
b	1725303960	18957.100000	1725304020	18958.100000
s	1725304560	18956.900000	1725304620	18958.100000
b	1725304620	18958.100000	1725304800	18956.900000
b	1725305580	18957.100000	1725306060	18956.100000
s	1725306180	18958.100000	1725306900	18961.100000
s	1725324660	18941.800000	1725324900	18944.800000
b	1725328860	18956.800000	1725329160	18962.800000
s	1725333720	18933.800000	1725334320	18934.800000
b	1725334500	18934.800000	1725334800	18932.800000
b	1725335160	18936.800000	1725335940	18942.800000
s	1725336060	18944.800000	1725336300	18942.800000
b	1725339000	18945.800000	1725339660	18946.800000
s	1725339660	18946.800000	1725340920	18961.800000
b	1725344940	18955.100000	1725345360	18950.100000
b	1725346500	18969.100000	1725346800	18972.100000
b	1725347400	18990.100000	1725348240	18983.100000
b	1725348660	18983.100000	1725348960	18996.100000
s	1725349680	18993.100000	1725350400	18987.100000
b	1725350640	18978.100000	1725351000	18982.100000
b	1725352800	18925.100000	1725353400	18933.100000
b	1725353400	18933.100000	1725355140	18902.100000
b	1725357780	18865.100000	1725358140	18853.100000
s	1725359040	18856.100000	1725359340	18871.100000
b	1725361200	18877.100000	1725361740	18874.100000
b	1725362700	18887.100000	1725362820	18895.100000
b	1725363240	18890.100000	1725363300	18897.100000
b	1725363720	18891.100000	1725364500	18887.100000
b	1725366240	18886.100000	1725366840	18885.100000
s	1725367320	18881.100000	1725368580	18863.100000
s	1725370080	18850.100000	1725370500	18857.100000
s	1725370740	18837.100000	1725371880	18818.100000
b	1725371880	18818.100000	1725372000	18794.300000
s	1725373860	18771.100000	1725374040	18790.100000
s	1725374040	18790.100000	1725374400	18771.100000
b	1725374400	18771.100000	1725375180	18763.100000
b	1725376440	18767.100000	1725377040	18765.100000
s	1725377040	18765.100000	1725377580	18760.100000
b	1725378480	18761.100000	1725378960	18756.100000
s	1725378960	18756.100000	1725379440	18760.100000
s	1725379440	18760.100000	1725379620	18752.100000
b	1725380040	18757.100000	1725380640	18758.100000
b	1725382320	18749.100000	1725382740	18745.100000
b	1725382740	18745.100000	1725382860	18750.100000
s	1725382860	18750.100000	1725382920	18744.100000
b	1725383100	18750.100000	1725383520	18746.100000
b	1725383520	18746.100000	1725384000	18748.100000
b	1725385140	18753.100000	1725385380	18740.100000
b	1725385380	18740.100000	1725386040	18742.100000
b	1725390300	18690.100000	1725390480	18682.100000
b	1725391920	18697.100000	1725391980	18687.100000
b	1725391980	18687.100000	1725393360	18669.100000
s	1725412560	18603.800000	1725413340	18594.300000
b	1725414900	18617.800000	1725416160	18602.300000
s	1725419520	18599.800000	1725419940	18600.000000
b	1725420600	18592.000000	1725420900	18583.300000
s	1725421860	18579.300000	1725422220	18584.300000
s	1725430680	18532.200000	1725431160	18540.600000
s	1725435360	18601.600000	1725436980	18629.600000
b	1725439080	18622.600000	1725440040	18614.600000
b	1725440760	18605.600000	1725441360	18605.600000
s	1725441360	18605.600000	1725443520	18642.600000
s	1725445680	18624.600000	1725445920	18636.600000
s	1725445920	18636.600000	1725446280	18628.600000
b	1725447300	18615.600000	1725448200	18610.600000
s	1725448200	18610.600000	1725448440	18604.600000
s	1725448440	18604.600000	1725448860	18606.600000
s	1725449040	18592.600000	1725449400	18603.900000
s	1725456660	18603.600000	1725457440	18619.600000
s	1725457800	18634.600000	1725457980	18620.600000
s	1725457980	18620.600000	1725458340	18632.600000
b	1725458400	18608.800000	1725458880	18607.600000
s	1725458880	18607.600000	1725459480	18609.600000
b	1725465360	18587.600000	1725466680	18584.600000
s	1725466680	18584.600000	1725468060	18603.600000
b	1725468720	18601.600000	1725469380	18596.600000
s	1725469740	18605.600000	1725470160	18598.600000
b	1725470640	18592.600000	1725471480	18591.600000
s	1725471540	18585.600000	1725471600	18591.600000
b	1725472020	18592.600000	1725472320	18581.600000
b	1725472620	18590.600000	1725472920	18583.600000
b	1725472920	18583.600000	1725473220	18589.600000
s	1725473640	18590.600000	1725473940	18579.600000
b	1725474300	18585.600000	1725474780	18586.600000
b	1725475680	18580.600000	1725475920	18571.600000
b	1725475920	18571.600000	1725477300	18568.600000
s	1725477300	18568.600000	1725477480	18561.600000
s	1725477480	18561.600000	1725477660	18571.600000
s	1725477660	18571.600000	1725478320	18573.600000
b	1725496500	18588.300000	1725497160	18587.300000
b	1725497760	18589.300000	1725498300	18595.000000
b	1725501660	18595.300000	1725501900	18588.300000
s	1725503700	18589.300000	1725504360	18592.000000
s	1725507060	18571.300000	1725507780	18568.000000
s	1725510420	18556.300000	1725510900	18553.300000
s	1725511740	18544.200000	1725512400	18549.900000
b	1725513180	18546.900000	1725513720	18550.900000
s	1725514020	18563.800000	1725515220	18571.300000
b	1725516000	18564.300000	1725516360	18575.300000
b	1725516360	18575.300000	1725516900	18568.600000
b	1725517560	18562.600000	1725518040	18564.600000
b	1725518040	18564.600000	1725519540	18540.600000
s	1725519540	18540.600000	1725519600	18525.600000
s	1725521340	18625.600000	1725522720	18645.100000
s	1725525240	18615.600000	1725525600	18628.600000
s	1725526200	18626.600000	1725527340	18628.600000
s	1725527340	18628.600000	1725528660	18587.100000
s	1725530220	18617.100000	1725531120	18629.100000
s	1725531120	18629.100000	1725531960	18624.100000
b	1725532200	18615.100000	1725532560	18625.100000
s	1725532560	18625.100000	1725533280	18620.100000
b	1725534540	18632.100000	1725534840	18637.100000
b	1725536400	18650.100000	1725537540	18625.100000
s	1725540300	18623.100000	1725541560	18637.100000
s	1725541560	18637.100000	1725542820	18642.100000
b	1725543120	18635.100000	1725543600	18637.100000
b	1725544680	18643.100000	1725545400	18657.100000
b	1725547200	18673.100000	1725548100	18653.100000
b	1725552420	18575.600000	1725552720	18565.600000
s	1725552720	18565.600000	1725553260	18567.600000
s	1725553260	18567.600000	1725553980	18572.600000
s	1725553980	18572.600000	1725554100	18580.600000
s	1725554880	18583.600000	1725555300	18590.600000
s	1725555840	18594.600000	1725556260	18597.600000
s	1725557700	18591.600000	1725558840	18624.600000
s	1725558840	18624.600000	1725559140	18634.600000
s	1725559800	18628.600000	1725560220	18635.600000
s	1725560220	18635.600000	1725560640	18628.600000
b	1725561960	18631.600000	1725562500	18634.600000
s	1725562500	18634.600000	1725564300	18609.600000
b	1725565080	18607.600000	1725565800	18593.600000
s	1725565800	18593.600000	1725565860	18579.600000
s	1725565860	18579.600000	1725566100	18594.600000
s	1725566100	18594.600000	1725582780	18584.100000
b	1725583320	18579.100000	1725583500	18566.100000
s	1725583860	18570.100000	1725584220	18563.100000
b	1725585240	18542.100000	1725585600	18519.600000
s	1725585780	18535.100000	1725589020	18598.100000
b	1725591000	18601.800000	1725591360	18609.100000
s	1725591360	18609.100000	1725591720	18607.100000
s	1725591960	18613.100000	1725592020	18606.800000
b	1725592140	18613.100000	1725592620	18611.800000
b	1725592620	18611.800000	1725594000	18603.100000
s	1725594240	18591.800000	1725595200	18593.100000
s	1725595560	18582.100000	1725595860	18589.800000
b	1725595860	18589.800000	1725596820	18593.100000
s	1725598200	18594.100000	1725598620	18597.800000
s	1725600600	18579.100000	1725601560	18576.100000
s	1725604800	18557.400000	1725605220	18552.400000
b	1725605400	18561.400000	1725605820	18554.400000
s	1725605820	18554.400000	1725607560	18463.400000
s	1725607680	18446.200000	1725608280	18458.400000
s	1725609120	18456.400000	1725610260	18509.400000
s	1725610260	18509.400000	1725610440	18522.400000
s	1725610740	18507.400000	1725613020	18441.400000
s	1725613740	18451.400000	1725614460	18455.400000
b	1725615780	18475.400000	1725616020	18486.400000
s	1725616980	18506.400000	1725617820	18502.400000
b	1725618660	18505.400000	1725620280	18475.400000
b	1725620340	18467.400000	1725620460	18475.400000
b	1725621420	18500.200000	1725621660	18512.400000
s	1725622080	18506.400000	1725623280	18491.400000
s	1725623280	18491.400000	1725624420	18501.200000
b	1725624420	18501.200000	1725625080	18485.400000
s	1725626820	18532.400000	1725627420	18554.600000
s	1725627420	18554.600000	1725628080	18562.400000
b	1725628500	18562.400000	1725628680	18580.400000
b	1725629280	18567.400000	1725629400	18585.400000
s	1725629400	18585.400000	1725630000	18577.200000
b	1725630000	18577.200000	1725630420	18597.400000
b	1725634800	18353.400000	1725635280	18367.400000
s	1725635280	18367.400000	1725636720	18322.400000
s	1725637500	18296.400000	1725638040	18301.400000
b	1725638040	18301.400000	1725638580	18294.600000
b	1725639900	18301.400000	1725640020	18288.400000
b	1725641280	18293.400000	1725641880	18294.400000
b	1725641880	18294.400000	1725643020	18313.400000
b	1725643620	18316.400000	1725645120	18293.400000
s	1725645120	18293.400000	1725645720	18297.400000
s	1725645720	18297.400000	1725646260	18297.400000
b	1725646260	18297.400000	1725646620	18292.400000
s	1725647460	18287.400000	1725647640	18275.400000
s	1725647640	18275.400000	1725648060	18279.400000
s	1725648360	18271.400000	1725648540	18282.400000
s	1725649980	18295.400000	1725650460	18301.400000
s	1725651000	18293.400000	1725651900	18291.400000
s	1725841800	18323.800000	1725842460	18326.800000
b	1725842460	18326.800000	1725843060	18324.800000
s	1725844620	18339.800000	1725844920	18348.800000
s	1725847920	18342.500000	1725848220	18337.800000
b	1725848220	18337.800000	1725848820	18335.800000
s	1725848820	18335.800000	1725848940	18327.800000
s	1725848940	18327.800000	1725849420	18333.800000
b	1725849420	18333.800000	1725849780	18327.500000
s	1725849780	18327.500000	1725850320	18328.800000
s	1725851820	18340.800000	1725852540	18338.800000
b	1725853680	18338.800000	1725854400	18339.800000
b	1725855480	18359.300000	1725856380	18358.800000
s	1725857760	18372.800000	1725858720	18368.800000
s	1725858720	18368.800000	1725859680	18369.800000
s	1725859680	18369.800000	1725860340	18371.800000
s	1725861480	18360.800000	1725862320	18377.700000
b	1725862320	18377.700000	1725862800	18379.100000
s	1725865800	18396.100000	1725867660	18412.100000
s	1725867660	18412.100000	1725868080	18422.100000
b	1725868500	18411.100000	1725868800	18425.100000
s	1725868800	18425.100000	1725869100	18416.100000
b	1725869100	18416.100000	1725870420	18403.100000
b	1725871380	18408.100000	1725871860	18420.100000
b	1725872400	18423.100000	1725872820	18430.100000
s	1725872820	18430.100000	1725874500	18465.100000
b	1725874500	18465.100000	1725875340	18458.100000
s	1725876240	18441.100000	1725876660	18441.100000
s	1725878040	18423.100000	1725878820	18417.100000
b	1725878820	18417.100000	1725879180	18406.100000
s	1725879180	18406.100000	1725879600	18413.100000
s	1725881460	18448.100000	1725882180	18432.100000
s	1725885720	18383.100000	1725885960	18388.100000
b	1725885960	18388.100000	1725886860	18411.100000
b	1725886860	18411.100000	1725887760	18402.100000
s	1725888660	18411.400000	1725889260	18413.100000
s	1725889260	18413.100000	1725889500	18425.100000
b	1725891720	18479.100000	1725892740	18455.100000
s	1725895320	18430.100000	1725897600	18475.100000
b	1725897600	18475.100000	1725898260	18483.100000
s	1725899880	18486.100000	1725900060	18497.100000
s	1725900060	18497.100000	1725900720	18499.100000
s	1725900720	18499.100000	1725901080	18505.100000
b	1725901380	18500.100000	1725901800	18509.100000
s	1725902820	18500.100000	1725903060	18491.100000
s	1725903060	18491.100000	1725903540	18493.100000
s	1725903720	18482.100000	1725904140	18488.100000
b	1725904140	18488.100000	1725904560	18474.100000
b	1725906900	18476.100000	1725907020	18466.100000
b	1725909600	18473.100000	1725909960	18477.100000
b	1725910680	18486.100000	1725910800	18497.100000
s	1725911160	18487.100000	1725911460	18497.100000
s	1725928620	18486.800000	1725929340	18495.800000
b	1725929340	18495.800000	1725929880	18503.500000
b	1725930960	18495.800000	1725931320	18498.800000
s	1725931800	18495.800000	1725932220	18499.800000
s	1725935040	18467.800000	1725935460	18469.800000
s	1725937200	18471.800000	1725938100	18466.800000
s	1725938340	18461.800000	1725939000	18462.800000
b	1725939420	18459.800000	1725940020	18458.800000
b	1725940020	18458.800000	1725940440	18457.800000
b	1725940440	18457.800000	1725941040	18456.800000
s	1725941040	18456.800000	1725941520	18453.800000
s	1725944040	18436.800000	1725944520	18437.800000
b	1725944520	18437.800000	1725944580	18430.800000
b	1725945900	18448.800000	1725946020	18453.800000
b	1725948000	18449.800000	1725948660	18448.700000
b	1725949260	18450.700000	1725949680	18453.100000
s	1725949680	18453.100000	1725950040	18449.100000
b	1725951600	18447.100000	1725952080	18447.900000
b	1725953220	18454.900000	1725953400	18470.100000
b	1725953400	18470.100000	1725954540	18475.100000
b	1725955680	18493.100000	1725956220	18488.100000
s	1725956220	18488.100000	1725956520	18477.100000
s	1725957000	18480.100000	1725957120	18466.100000
s	1725966360	18400.900000	1725967500	18382.100000
s	1725968040	18380.100000	1725968640	18367.100000
s	1725968640	18367.100000	1725969600	18372.100000
s	1725969600	18372.100000	1725970320	18371.100000
b	1725970320	18371.100000	1725971220	18383.900000
b	1725971220	18383.900000	1725972180	18375.100000
s	1725972180	18375.100000	1725972600	18374.100000
s	1725972600	18374.100000	1725973080	18380.100000
s	1725975000	18354.100000	1725975900	18333.100000
s	1725975900	18333.100000	1725976200	18316.100000
s	1725976200	18316.100000	1725977940	18275.100000
s	1725978240	18255.100000	1725978540	18273.100000
b	1725978540	18273.100000	1725979440	18268.100000
b	1725979440	18268.100000	1725979800	18277.100000
b	1725981600	18288.100000	1725982020	18297.100000
s	1725984840	18211.100000	1725985080	18223.100000
b	1725985080	18223.100000	1725985800	18220.100000
b	1725985800	18220.100000	1725985860	18232.100000
b	1725987600	18251.100000	1725987960	18258.100000
s	1725988800	18272.100000	1725989040	18281.100000
s	1725992520	18316.100000	1725992880	18323.100000
s	1725992880	18323.100000	1725994260	18337.100000
s	1725994260	18337.100000	1725994800	18341.100000
s	1725995220	18335.100000	1725995520	18344.100000
s	1725995520	18344.100000	1725996600	18346.100000
b	1725996600	18346.100000	1725997500	18335.100000
s	1726014600	18309.500000	1726015260	18317.800000
s	1726015260	18317.800000	1726015740	18313.800000
s	1726015740	18313.800000	1726016760	18308.500000
s	1726017060	18303.800000	1726017480	18305.800000
s	1726017480	18305.800000	1726018380	18312.300000
b	1726018860	18293.800000	1726019400	18304.500000
s	1726019400	18304.500000	1726020480	18296.800000
b	1726022940	18313.800000	1726023360	18314.800000
s	1726024500	18298.500000	1726025280	18296.800000
s	1726025520	18290.800000	1726026000	18291.800000
b	1726027080	18295.500000	1726028100	18290.800000
b	1726028100	18290.800000	1726028520	18283.500000
b	1726028520	18283.500000	1726028640	18287.800000
s	1726028640	18287.800000	1726029060	18286.800000
b	1726029780	18286.800000	1726029840	18282.800000
b	1726029840	18282.800000	1726030380	18283.800000
s	1726030380	18283.800000	1726031280	18282.800000
b	1726031700	18286.800000	1726031880	18282.800000
s	1726032420	18278.800000	1726032720	18287.800000
b	1726033140	18281.800000	1726033380	18289.800000
b	1726033380	18289.800000	1726036620	18356.700000
b	1726038000	18356.100000	1726038120	18334.100000
s	1726041120	18354.100000	1726041600	18352.100000
s	1726041600	18352.100000	1726041960	18359.100000
b	1726042440	18354.100000	1726044540	18310.100000
s	1726045020	18307.100000	1726045800	18307.100000
b	1726045800	18307.100000	1726046220	18301.100000
s	1726047540	18299.100000	1726048080	18299.100000
s	1726050360	18331.100000	1726050720	18336.100000
s	1726052280	18352.100000	1726053120	18344.100000
b	1726053900	18358.100000	1726054320	18361.100000
b	1726055040	18364.100000	1726056060	18363.100000
s	1726056060	18363.100000	1726056540	18361.100000
s	1726056720	18368.100000	1726057260	18357.100000
s	1726057800	18347.300000	1726058220	18355.300000
b	1726060080	18420.100000	1726060440	18437.100000
s	1726060920	18431.100000	1726061580	18417.100000
s	1726061580	18417.100000	1726061640	18397.100000
b	1726061640	18397.100000	1726064580	18263.100000
s	1726064580	18263.100000	1726065000	18249.100000
s	1726065000	18249.100000	1726065360	18267.100000
b	1726065360	18267.100000	1726065660	18248.100000
b	1726065660	18248.100000	1726066320	18247.100000
b	1726068060	18349.100000	1726068600	18344.100000
s	1726069800	18380.100000	1726070400	18377.100000
b	1726071180	18389.100000	1726071600	18403.100000
b	1726072620	18408.100000	1726072740	18420.100000
s	1726073160	18409.100000	1726073520	18418.100000
s	1726073520	18418.100000	1726075080	18431.100000
b	1726075080	18431.100000	1726075740	18432.100000
s	1726075740	18432.100000	1726077300	18451.100000
s	1726079040	18456.100000	1726080300	18471.100000
s	1726080300	18471.100000	1726081140	18463.100000
b	1726081140	18463.100000	1726083060	18473.100000
s	1726083960	18473.100000	1726101840	18515.300000
s	1726101840	18515.300000	1726102080	18520.300000
s	1726102440	18515.300000	1726103340	18499.300000
s	1726103340	18499.300000	1726103520	18492.300000
s	1726103520	18492.300000	1726103760	18504.000000
b	1726104480	18501.300000	1726104660	18507.300000
b	1726105620	18515.300000	1726106520	18514.300000
b	1726107720	18488.300000	1726108560	18499.000000
b	1726109280	18497.300000	1726109400	18491.300000
b	1726109400	18491.300000	1726110660	18482.300000
b	1726110660	18482.300000	1726111440	18483.300000
s	1726113360	18502.300000	1726114020	18506.300000
s	1726116720	18520.300000	1726116780	18527.300000
s	1726117380	18524.300000	1726117860	18524.300000
s	1726117860	18524.300000	1726119180	18532.300000
b	1726119180	18532.300000	1726119840	18525.300000
b	1726121340	18545.600000	1726122300	18528.200000
s	1726123200	18528.200000	1726123440	18535.200000
b	1726124400	18522.600000	1726125300	18553.400000
b	1726125300	18553.400000	1726125780	18557.600000
s	1726126860	18563.600000	1726127580	18572.600000
s	1726129020	18535.600000	1726129320	18548.600000
s	1726129680	18538.600000	1726130040	18554.600000
s	1726130400	18544.600000	1726130520	18556.600000
s	1726130520	18556.600000	1726130940	18549.600000
s	1726130940	18549.600000	1726131960	18554.600000
s	1726131960	18554.600000	1726133160	18589.600000
b	1726138560	18566.600000	1726138860	18556.600000
b	1726139520	18549.600000	1726139700	18540.600000
s	1726140120	18547.600000	1726140600	18540.600000
b	1726140600	18540.600000	1726140900	18553.600000
b	1726140900	18553.600000	1726141140	18541.600000
s	1726141620	18542.600000	1726141680	18553.600000
s	1726141680	18553.600000	1726143300	18574.600000
s	1726143300	18574.600000	1726144020	18565.600000
b	1726144020	18565.600000	1726144200	18548.600000
b	1726145040	18510.600000	1726145400	18494.600000
b	1726146360	18492.600000	1726147080	18477.400000
b	1726147080	18477.400000	1726148220	18461.600000
b	1726148220	18461.600000	1726148580	18442.600000
s	1726148580	18442.600000	1726149240	18432.600000
b	1726149240	18432.600000	1726149600	18420.400000
s	1726149600	18420.400000	1726149720	18439.600000
b	1726149720	18439.600000	1726150980	18499.400000
s	1726150980	18499.400000	1726151640	18502.600000
b	1726153080	18515.600000	1726153560	18515.600000
s	1726154520	18514.600000	1726155000	18516.600000
b	1726157040	18507.600000	1726157640	18496.600000
s	1726158240	18509.600000	1726158900	18522.600000
b	1726158900	18522.600000	1726159200	18515.600000
s	1726161060	18558.600000	1726161300	18565.600000
s	1726161300	18565.600000	1726161600	18558.600000
s	1726161600	18558.600000	1726161720	18568.600000
b	1726162980	18579.600000	1726163100	18585.600000
s	1726163820	18584.600000	1726163880	18596.600000
b	1726163880	18596.600000	1726164360	18587.600000
b	1726164360	18587.600000	1726165320	18580.600000
b	1726165740	18574.600000	1726166160	18581.600000
s	1726166160	18581.600000	1726166580	18577.600000
s	1726166580	18577.600000	1726167540	18560.600000
s	1726168500	18561.600000	1726168740	18568.600000
b	1726170480	18563.600000	1726170780	18569.600000
b	1726170780	18569.600000	1726188060	18595.200000
s	1726189260	18602.200000	1726190820	18590.900000
s	1726190820	18590.900000	1726191780	18593.200000
s	1726191780	18593.200000	1726192380	18592.900000
s	1726193580	18589.200000	1726194420	18581.200000
s	1726194960	18580.200000	1726195740	18576.900000
b	1726195740	18576.900000	1726196220	18576.200000
s	1726196220	18576.200000	1726196520	18577.200000
b	1726196520	18577.200000	1726198200	18590.200000
s	1726198200	18590.200000	1726198620	18592.900000
s	1726198620	18592.900000	1726199160	18592.200000
b	1726199160	18592.200000	1726199640	18594.200000
b	1726200180	18593.200000	1726200900	18593.200000
s	1726201320	18592.200000	1726201800	18593.200000
s	1726203480	18593.200000	1726203900	18596.200000
s	1726204020	18587.200000	1726204080	18596.200000
b	1726204560	18597.200000	1726205040	18599.200000
s	1726205460	18597.200000	1726206120	18605.700000
b	1726206300	18597.200000	1726208100	18576.500000
s	1726209000	18557.500000	1726209840	18551.500000
b	1726210740	18561.500000	1726210980	18550.500000
s	1726210980	18550.500000	1726211160	18570.500000
s	1726215660	18611.500000	1726216740	18600.500000
s	1726217520	18601.500000	1726218000	18599.500000
b	1726218000	18599.500000	1726218180	18585.500000
s	1726219500	18604.500000	1726220040	18606.500000
b	1726220820	18617.500000	1726221240	18624.500000
b	1726222800	18622.500000	1726223280	18627.500000
s	1726223280	18627.500000	1726223700	18623.500000
s	1726224360	18614.500000	1726225800	18618.500000
s	1726225800	18618.500000	1726226340	18620.500000
b	1726227780	18617.500000	1726228140	18607.500000
s	1726228140	18607.500000	1726228680	18619.500000
s	1726230180	18642.500000	1726230600	18646.500000
s	1726230600	18646.500000	1726231140	18644.500000
s	1726231140	18644.500000	1726231560	18646.500000
s	1726231560	18646.500000	1726232340	18648.500000
s	1726232340	18648.500000	1726233480	18640.500000
b	1726234920	18663.500000	1726236120	18672.300000
s	1726237740	18707.500000	1726238280	18705.500000
b	1726239060	18721.500000	1726240560	18703.500000
s	1726240980	18693.500000	1726241040	18702.500000
s	1726241040	18702.500000	1726242840	18712.500000
s	1726243380	18711.500000	1726245240	18680.500000
b	1726245960	18671.500000	1726246260	18678.500000
s	1726246260	18678.500000	1726248060	18694.500000
s	1726248060	18694.500000	1726248480	18700.500000
s	1726248840	18697.500000	1726249080	18706.500000
b	1726249080	18706.500000	1726249860	18702.500000
b	1726252680	18675.500000	1726253400	18673.500000
b	1726253820	18677.500000	1726254000	18671.500000
b	1726254420	18674.500000	1726256160	18687.500000
b	1726256160	18687.500000	1726256640	18689.500000
s	1726447620	18713.000000	1726448340	18722.000000
b	1726448400	18715.000000	1726450020	18709.000000
b	1726452300	18710.000000	1726452480	18714.000000
s	1726452480	18714.000000	1726452600	18710.000000
b	1726453680	18723.000000	1726453800	18728.000000
b	1726453800	18728.000000	1726453980	18722.000000
s	1726453980	18722.000000	1726454160	18728.000000
b	1726454700	18727.000000	1726454880	18729.000000
s	1726454880	18729.000000	1726455600	18729.000000
s	1726455600	18729.000000	1726456320	18732.000000
b	1726457040	18736.000000	1726457400	18737.000000
b	1726457460	18736.000000	1726457640	18738.000000
s	1726457760	18735.000000	1726458180	18737.000000
b	1726458660	18737.000000	1726459200	18738.000000
s	1726462560	18728.000000	1726464120	18723.000000
b	1726464120	18723.000000	1726464360	18718.000000
s	1726464360	18718.000000	1726465620	18712.500000
s	1726466040	18710.500000	1726468980	18656.300000
s	1726469580	18651.300000	1726470240	18654.300000
b	1726470900	18658.800000	1726471320	18669.800000
b	1726471320	18669.800000	1726471560	18649.600000
b	1726472880	18662.800000	1726474080	18661.600000
s	1726474080	18661.600000	1726474680	18655.800000
b	1726474680	18655.800000	1726475460	18663.800000
s	1726476060	18654.800000	1726476420	18646.800000
b	1726476780	18653.800000	1726477620	18654.800000
s	1726477620	18654.800000	1726477920	18663.800000
b	1726479540	18670.800000	1726480680	18647.800000
s	1726480680	18647.800000	1726481940	18659.800000
b	1726481940	18659.800000	1726482900	18658.800000
b	1726483080	18651.800000	1726483440	18659.800000
b	1726484340	18667.800000	1726484640	18673.800000
s	1726484640	18673.800000	1726485000	18665.800000
b	1726485480	18667.800000	1726486440	18667.800000
b	1726486980	18661.800000	1726487160	18667.800000
s	1726487640	18666.800000	1726488420	18669.800000
s	1726490280	18656.800000	1726490880	18646.800000
s	1726490880	18646.800000	1726491180	18653.800000
b	1726491840	18650.800000	1726492200	18652.800000
s	1726493220	18648.800000	1726493640	18637.800000
b	1726494540	18634.800000	1726495320	18652.800000
b	1726495320	18652.800000	1726495620	18668.800000
b	1726495620	18668.800000	1726495980	18655.800000
b	1726498080	18647.800000	1726499100	18647.800000
b	1726499100	18647.800000	1726499640	18639.800000
b	1726499640	18639.800000	1726500120	18643.800000
b	1726500840	18644.800000	1726502460	18655.800000
s	1726502580	18662.800000	1726502640	18655.800000
b	1726502640	18655.800000	1726502880	18662.800000
b	1726503120	18653.800000	1726503900	18655.800000
b	1726503900	18655.800000	1726504320	18650.800000
b	1726504320	18650.800000	1726504800	18660.800000
b	1726504800	18660.800000	1726505220	18656.800000
b	1726505220	18656.800000	1726505340	18663.800000
b	1726506420	18659.800000	1726506720	18664.800000
s	1726506720	18664.800000	1726507260	18661.800000
s	1726509780	18696.800000	1726510200	18699.800000
s	1726510200	18699.800000	1726510620	18697.800000
s	1726510620	18697.800000	1726510920	18701.800000
b	1726510920	18701.800000	1726511880	18703.800000
s	1726515120	18712.800000	1726533000	18703.500000
s	1726535640	18689.500000	1726536600	18684.500000
b	1726537740	18700.200000	1726538220	18699.500000
s	1726538640	18699.500000	1726538760	18702.500000
b	1726539480	18699.500000	1726539540	18694.500000
s	1726540500	18690.500000	1726540560	18693.500000
b	1726540560	18693.500000	1726541040	18692.500000
s	1726541040	18692.500000	1726541100	18693.500000
b	1726542720	18701.500000	1726543500	18696.500000
s	1726543500	18696.500000	1726544340	18697.500000
b	1726544340	18697.500000	1726544760	18699.500000
s	1726545660	18699.500000	1726545720	18694.500000
s	1726545720	18694.500000	1726546140	18701.500000
s	1726546140	18701.500000	1726546800	18699.500000
b	1726546800	18699.500000	1726547340	18697.500000
s	1726547340	18697.500000	1726547520	18694.500000
b	1726549980	18706.500000	1726550040	18709.500000
s	1726550100	18706.500000	1726550280	18709.500000
b	1726550820	18707.500000	1726551480	18704.500000
b	1726551480	18704.500000	1726551960	18701.500000
s	1726553580	18726.800000	1726553820	18715.800000
b	1726553820	18715.800000	1726554660	18713.800000
s	1726555320	18714.800000	1726556100	18714.800000
b	1726556520	18720.800000	1726556580	18699.800000
b	1726556580	18699.800000	1726557000	18717.800000
s	1726557000	18717.800000	1726557240	18705.800000
s	1726557240	18705.800000	1726557300	18723.800000
b	1726558080	18724.800000	1726558260	18706.800000
s	1726560000	18697.800000	1726560900	18698.800000
b	1726562880	18714.800000	1726563240	18719.800000
b	1726565040	18733.800000	1726565640	18738.800000
s	1726568280	18787.800000	1726568820	18794.800000
s	1726569840	18800.600000	1726572960	18747.800000
b	1726574520	18781.800000	1726574580	18789.800000
b	1726575060	18782.800000	1726575360	18789.800000
s	1726575360	18789.800000	1726575540	18780.800000
s	1726575840	18785.800000	1726576140	18776.800000
b	1726577280	18779.800000	1726577580	18792.800000
b	1726579620	18793.800000	1726579800	18781.800000
b	1726580040	18778.800000	1726580640	18771.800000
s	1726582380	18748.800000	1726582560	18766.100000
b	1726582560	18766.100000	1726583280	18762.800000
s	1726583280	18762.800000	1726584420	18764.800000
b	1726584420	18764.800000	1726584780	18755.800000
s	1726585320	18752.800000	1726585860	18734.800000
b	1726586460	18733.800000	1726588320	18736.800000
s	1726588620	18736.800000	1726588800	18729.800000
b	1726589160	18728.800000	1726592160	18667.100000
b	1726594320	18691.800000	1726595280	18678.800000
s	1726595280	18678.800000	1726596000	18684.800000
b	1726596000	18684.800000	1726596180	18692.800000
s	1726597380	18693.800000	1726597680	18684.800000
s	1726597680	18684.800000	1726598100	18692.800000
b	1726599900	18681.800000	1726600260	18687.800000
s	1726600260	18687.800000	1726600800	18687.800000
s	1726601220	18689.800000	1726601640	18684.800000
b	1726601640	18684.800000	1726601940	18692.800000
b	1726621860	18717.500000	1726622520	18717.500000
s	1726623240	18724.500000	1726623780	18722.500000
s	1726624080	18725.500000	1726624380	18722.500000
s	1726624380	18722.500000	1726624800	18726.500000
s	1726624800	18726.500000	1726625460	18727.500000
b	1726625460	18727.500000	1726626300	18727.500000
s	1726628640	18723.500000	1726629720	18719.500000
s	1726629720	18719.500000	1726630320	18720.500000
s	1726630320	18720.500000	1726630920	18721.500000
b	1726633140	18716.500000	1726633800	18718.500000
s	1726633800	18718.500000	1726634520	18710.500000
s	1726636020	18703.500000	1726636380	18708.500000
b	1726637460	18705.500000	1726638120	18710.500000
b	1726638120	18710.500000	1726640100	18743.800000
b	1726642020	18719.800000	1726642140	18724.800000
s	1726644720	18727.800000	1726645200	18739.800000
b	1726646040	18738.800000	1726646160	18750.800000
b	1726649940	18731.800000	1726650660	18725.800000
b	1726651020	18716.800000	1726651440	18721.800000
b	1726652400	18730.800000	1726652940	18734.800000
b	1726653180	18734.800000	1726653960	18729.800000
b	1726653960	18729.800000	1726654740	18722.800000
s	1726654740	18722.800000	1726655400	18727.600000
b	1726656540	18715.800000	1726656960	18718.800000
b	1726656960	18718.800000	1726657740	18715.800000
b	1726658100	18722.800000	1726659120	18730.800000
b	1726660800	18738.800000	1726661340	18740.800000
b	1726661940	18733.800000	1726662000	18725.800000
s	1726664220	18748.800000	1726664400	18756.800000
b	1726664400	18756.800000	1726664880	18750.800000
s	1726665720	18759.800000	1726666200	18758.800000
b	1726666920	18743.800000	1726668060	18733.800000
s	1726668060	18733.800000	1726668420	18724.800000
s	1726668420	18724.800000	1726669620	18722.800000
b	1726671000	18741.800000	1726671720	18746.800000
b	1726673400	18722.800000	1726673880	18725.800000
s	1726674600	18727.800000	1726675080	18720.800000
s	1726676760	18729.800000	1726677600	18733.800000
s	1726677720	18737.800000	1726679160	18746.800000
s	1726679160	18746.800000	1726679400	18751.800000
s	1726679640	18745.800000	1726679820	18752.800000
s	1726679820	18752.800000	1726680120	18747.800000
s	1726680420	18755.800000	1726681020	18758.800000
b	1726681020	18758.800000	1726681500	18771.800000
b	1726684560	18828.600000	1726685520	18828.800000
b	1726686720	18778.600000	1726687200	18781.600000
b	1726689180	18765.600000	1726706220	18803.500000
b	1726707360	18781.500000	1726707780	18792.500000
s	1726708920	18791.200000	1726709280	18787.000000
b	1726709760	18786.500000	1726712700	18856.000000
b	1726713060	18854.200000	1726713300	18859.500000
s	1726716420	18871.200000	1726719300	18897.200000
b	1726719900	18893.500000	1726720800	18892.200000
s	1726721160	18895.500000	1726722180	18896.500000
b	1726722180	18896.500000	1726722840	18892.500000
s	1726725060	18874.500000	1726725540	18867.500000
s	1726725540	18867.500000	1726726320	18846.800000
s	1726726620	18838.400000	1726726680	18851.800000
s	1726728600	18881.800000	1726729500	18872.400000
b	1726729500	18872.400000	1726730400	18866.800000
s	1726731840	18837.800000	1726732080	18818.800000
s	1726732080	18818.800000	1726732440	18826.800000
b	1726732440	18826.800000	1726734000	18870.800000
s	1726738860	18981.800000	1726739460	18976.800000
b	1726739940	18972.800000	1726740360	18983.800000
b	1726740900	18977.600000	1726741020	18984.800000
s	1726742640	18999.800000	1726743000	19005.800000
b	1726743000	19005.800000	1726743540	19005.400000
s	1726744440	18993.800000	1726744860	18997.800000
s	1726744860	18997.800000	1726746480	19031.800000
b	1726747080	19033.800000	1726747320	19026.600000
s	1726747320	19026.600000	1726747860	19036.800000
s	1726747860	19036.800000	1726748580	19032.800000
b	1726748580	19032.800000	1726750260	19024.800000
s	1726750260	19024.800000	1726750620	19013.800000
b	1726750620	19013.800000	1726751040	19019.800000
s	1726751040	19019.800000	1726751280	19007.800000
s	1726751280	19007.800000	1726751340	19022.800000
b	1726756560	18993.600000	1726758120	18983.600000
b	1726758120	18983.600000	1726758480	18972.800000
s	1726758720	18990.800000	1726759800	19003.800000
b	1726760040	19012.800000	1726760640	19014.800000
s	1726760640	19014.800000	1726760820	19026.800000
s	1726760820	19026.800000	1726761120	19016.600000
s	1726761120	19016.600000	1726761720	19021.800000
s	1726761720	19021.800000	1726762320	19024.800000
b	1726763160	19033.800000	1726764000	19034.600000
s	1726764360	19037.800000	1726764480	19032.600000
s	1726764960	19032.800000	1726765020	19028.800000
s	1726765500	19030.800000	1726765620	19026.600000
s	1726766520	19024.800000	1726766700	19031.800000
b	1726766700	19031.800000	1726768440	19043.800000
b	1726768980	19047.800000	1726770180	19028.800000
b	1726771260	19031.800000	1726771560	19028.800000
b	1726771560	19028.800000	1726771620	19032.800000
b	1726771620	19032.800000	1726771680	19028.600000
b	1726772280	19028.800000	1726772940	19023.600000
s	1726775400	18975.800000	1726792680	18948.100000
b	1726792680	18948.100000	1726793160	18949.100000
s	1726793160	18949.100000	1726793280	18953.100000
b	1726793280	18953.100000	1726793460	18948.100000
b	1726793460	18948.100000	1726794060	18948.100000
b	1726794060	18948.100000	1726794600	18944.100000
b	1726795620	18943.100000	1726795680	18939.100000
s	1726795800	18943.100000	1726796400	18939.100000
b	1726796400	18939.100000	1726796580	18944.100000
b	1726796580	18944.100000	1726797420	18946.800000
s	1726798140	18949.800000	1726798380	18955.100000
s	1726798380	18955.100000	1726798740	18950.600000
b	1726798740	18950.600000	1726799280	18951.800000
s	1726801980	18934.100000	1726802460	18933.100000
s	1726802460	18933.100000	1726803000	18929.100000
s	1726803000	18929.100000	1726804080	18942.100000
s	1726804080	18942.100000	1726804560	18945.100000
b	1726804560	18945.100000	1726804680	18942.100000
b	1726804680	18942.100000	1726805460	18940.800000
s	1726805460	18940.800000	1726805700	18937.100000
s	1726805700	18937.100000	1726806300	18941.800000
s	1726807080	18948.100000	1726807980	18941.100000
b	1726807980	18941.100000	1726808040	18937.100000
b	1726808040	18937.100000	1726810020	18921.100000
s	1726810740	18914.100000	1726811040	18903.100000
s	1726811040	18903.100000	1726811460	18917.100000
s	1726811940	18913.100000	1726812000	18923.100000
s	1726812960	18927.000000	1726813200	18937.400000
s	1726813980	18931.400000	1726814340	18936.000000
s	1726814340	18936.000000	1726814880	18933.400000
s	1726814880	18933.400000	1726816680	18886.400000
s	1726816680	18886.400000	1726816980	18873.400000
s	1726816980	18873.400000	1726818480	18845.400000
b	1726818480	18845.400000	1726819140	18855.400000
s	1726819140	18855.400000	1726820340	18841.400000
b	1726823160	18831.400000	1726824360	18826.400000
b	1726824840	18827.400000	1726825740	18819.400000
b	1726825740	18819.400000	1726826280	18821.400000
s	1726827540	18827.400000	1726827780	18837.400000
s	1726831680	18872.400000	1726832280	18864.400000
b	1726837920	18830.400000	1726838100	18812.400000
s	1726838100	18812.400000	1726838580	18815.400000
s	1726838580	18815.400000	1726839360	18817.400000
b	1726839360	18817.400000	1726841220	18739.400000
s	1726846740	18729.400000	1726847640	18732.400000
s	1726847640	18732.400000	1726848540	18729.400000
b	1726848540	18729.400000	1726848600	18721.400000
b	1726850520	18736.400000	1726850940	18740.400000
b	1726852920	18736.400000	1726853400	18738.400000
b	1726853400	18738.400000	1726854000	18744.400000
s	1726854480	18745.400000	1726856160	18727.400000
s	1726861560	18751.400000	1727051400	18782.800000
s	1727051400	18782.800000	1727053320	18799.500000
b	1727056380	18813.500000	1727057040	18811.800000
b	1727057040	18811.800000	1727057100	18804.800000
s	1727057640	18809.800000	1727058720	18813.500000
b	1727058720	18813.500000	1727059260	18813.800000
b	1727060820	18816.500000	1727061720	18819.800000
s	1727062500	18820.800000	1727062620	18816.800000
s	1727063040	18817.800000	1727063520	18815.800000
b	1727063520	18815.800000	1727064120	18812.800000
b	1727065380	18820.800000	1727066280	18819.800000
b	1727067660	18814.800000	1727068860	18803.800000
s	1727068860	18803.800000	1727070240	18809.800000
b	1727070240	18809.800000	1727072580	18789.100000
s	1727072580	18789.100000	1727073120	18789.100000
s	1727076120	18721.100000	1727077560	18747.100000
b	1727077740	18768.100000	1727078700	18795.100000
b	1727079660	18784.100000	1727080260	18786.100000
s	1727081100	18764.100000	1727082120	18782.100000
b	1727082120	18782.100000	1727082480	18791.100000
s	1727083380	18780.100000	1727083920	18785.100000
s	1727083920	18785.100000	1727084640	18783.100000
s	1727086380	18802.100000	1727086800	18808.100000
s	1727086800	18808.100000	1727088240	18819.100000
s	1727088240	18819.100000	1727088600	18824.100000
b	1727088600	18824.100000	1727089080	18822.100000
b	1727090760	18821.100000	1727091540	18825.100000
b	1727093280	18833.100000	1727093460	18828.100000
s	1727093460	18828.100000	1727093760	18835.100000
b	1727094660	18845.100000	1727095320	18850.100000
b	1727095320	18850.100000	1727096100	18850.100000
b	1727096100	18850.100000	1727096460	18858.100000
s	1727096460	18858.100000	1727096880	18854.100000
b	1727096880	18854.100000	1727097420	18855.100000
s	1727097420	18855.100000	1727097840	18851.100000
s	1727097840	18851.100000	1727098440	18847.100000
b	1727101740	18840.100000	1727102520	18825.100000
s	1727102520	18825.100000	1727102940	18819.100000
s	1727102940	18819.100000	1727103060	18830.100000
b	1727103060	18830.100000	1727103780	18828.100000
b	1727103780	18828.100000	1727104380	18821.100000
s	1727104380	18821.100000	1727106600	18857.100000
s	1727106660	18867.100000	1727107080	18860.100000
b	1727107080	18860.100000	1727108280	18847.100000
s	1727108280	18847.100000	1727109060	18850.100000
b	1727109300	18857.100000	1727109420	18846.100000
s	1727110140	18853.100000	1727110800	18850.100000
s	1727110800	18850.100000	1727111280	18854.100000
b	1727111280	18854.100000	1727112240	18858.100000
s	1727113560	18870.100000	1727114460	18871.100000
s	1727114940	18871.100000	1727115960	18877.100000
b	1727115960	18877.100000	1727116380	18880.100000
s	1727116380	18880.100000	1727116620	18875.100000
s	1727116860	18881.100000	1727117280	18878.100000
b	1727117700	18880.100000	1727118240	18881.100000
b	1727119860	18886.100000	1727120040	18892.100000
b	1727120040	18892.100000	1727120340	18887.100000
b	1727120340	18887.100000	1727120940	18886.100000
b	1727121180	18880.100000	1727121420	18887.100000
s	1727121420	18887.100000	1727137800	18878.100000
b	1727137800	18878.100000	1727139060	18863.100000
b	1727141040	18895.100000	1727142120	18895.100000
s	1727145420	18856.800000	1727146500	18855.100000
s	1727147520	18861.100000	1727148600	18861.100000
s	1727149200	18861.100000	1727149920	18862.100000
b	1727151000	18859.100000	1727151120	18863.100000
s	1727151120	18863.100000	1727153340	18899.100000
b	1727153520	18906.100000	1727153880	18902.100000
b	1727153880	18902.100000	1727154000	18915.100000
s	1727155860	18928.100000	1727156400	18936.100000
s	1727156400	18936.100000	1727156940	18933.800000
b	1727158140	18938.000000	1727158320	18947.400000
s	1727158320	18947.400000	1727161320	18989.400000
s	1727161680	19002.400000	1727162040	18994.400000
s	1727163360	18958.400000	1727165700	19010.400000
b	1727169240	18993.400000	1727170200	18965.400000
b	1727171400	18978.400000	1727171880	18976.400000
s	1727174940	18985.400000	1727175420	18991.400000
b	1727175420	18991.400000	1727175600	18981.400000
s	1727176380	18961.400000	1727176860	18956.400000
b	1727177160	18966.400000	1727178000	18973.400000
b	1727178000	18973.400000	1727179440	18947.400000
b	1727180580	18956.400000	1727182020	18926.400000
s	1727182020	18926.400000	1727184000	18960.400000
b	1727184840	18954.400000	1727185860	18967.400000
s	1727188980	18928.400000	1727191200	18985.400000
b	1727191380	18993.400000	1727191680	18988.400000
s	1727191860	18998.400000	1727192280	18994.400000
b	1727192520	19007.400000	1727192700	18994.400000
s	1727192700	18994.400000	1727193120	19003.400000
b	1727193480	18998.400000	1727193600	19008.400000
s	1727195040	19002.400000	1727195700	19001.400000
s	1727198460	19005.400000	1727199000	19005.400000
b	1727199000	19005.400000	1727199420	19000.400000
s	1727199420	19000.400000	1727199840	19001.400000
s	1727201400	18986.400000	1727202060	18987.400000
b	1727202060	18987.400000	1727202480	18984.400000
s	1727202480	18984.400000	1727202840	18987.400000
b	1727203800	18991.400000	1727204280	18990.400000
b	1727205120	18996.400000	1727205660	18995.400000
b	1727207220	18993.400000	1727207280	18998.400000
b	1727207760	19000.400000	1727224200	18982.300000
s	1727225280	18982.300000	1727225460	18976.300000
s	1727225940	18974.300000	1727226300	18981.300000
s	1727229780	18963.300000	1727230320	18958.300000
b	1727230560	18962.300000	1727230920	18961.300000
s	1727230920	18961.300000	1727231820	18956.300000
s	1727232960	18955.300000	1727233200	18951.300000
b	1727233860	18948.300000	1727234160	18942.300000
s	1727236440	18929.300000	1727236800	18932.300000
b	1727236800	18932.300000	1727236860	18929.300000
b	1727236860	18929.300000	1727237520	18928.300000
b	1727239980	18925.300000	1727240640	18922.300000
s	1727242620	18894.300000	1727243700	18880.300000
b	1727243700	18880.300000	1727244780	18894.600000
s	1727244780	18894.600000	1727245380	18890.600000
b	1727246520	18866.600000	1727247420	18878.600000
b	1727247420	18878.600000	1727248020	18878.600000
b	1727250240	18920.600000	1727250360	18909.600000
s	1727253720	18925.600000	1727254080	18911.600000
s	1727254320	18921.600000	1727254440	18909.600000
s	1727254440	18909.600000	1727255340	18906.600000
b	1727255340	18906.600000	1727255700	18901.600000
b	1727255700	18901.600000	1727256480	18889.600000
s	1727256480	18889.600000	1727257140	18895.600000
s	1727257140	18895.600000	1727257860	18896.600000
s	1727259120	18908.600000	1727259240	18913.600000
s	1727267880	18964.600000	1727268240	18961.600000
b	1727268240	18961.600000	1727268720	18961.600000
s	1727268960	18952.600000	1727271840	18913.600000
s	1727272140	18896.600000	1727272680	18896.600000
b	1727272680	18896.600000	1727273580	18913.600000
b	1727275620	18915.600000	1727275860	18926.600000
s	1727275860	18926.600000	1727276280	18918.600000
s	1727277780	18929.600000	1727278080	18924.600000
s	1727278080	18924.600000	1727278680	18926.600000
b	1727279100	18923.600000	1727279820	18925.600000
s	1727279820	18925.600000	1727280360	18925.600000
b	1727280360	18925.600000	1727280540	18931.600000
s	1727280540	18931.600000	1727280960	18930.600000
s	1727283120	18934.600000	1727283480	18925.600000
b	1727283960	18924.600000	1727284140	18917.600000
b	1727284620	18921.600000	1727284800	18915.600000
b	1727286600	18902.600000	1727287680	18915.600000
b	1727287680	18915.600000	1727288520	18916.600000
s	1727289780	18918.600000	1727289960	18921.600000
s	1727290020	18918.600000	1727290200	18921.600000
b	1727291580	18921.600000	1727291700	18917.600000
s	1727291700	18917.600000	1727292360	18917.600000
s	1727293920	18911.600000	1727294280	18915.600000
s	1727311500	18974.600000	1727312280	18969.600000
s	1727312280	18969.600000	1727312820	18963.600000
b	1727312820	18963.600000	1727313060	18969.600000
s	1727313060	18969.600000	1727313300	18963.600000
b	1727313300	18963.600000	1727313780	18967.600000
s	1727314440	18964.600000	1727314740	18960.600000
b	1727314800	18965.600000	1727316900	18993.600000
s	1727316900	18993.600000	1727317200	18995.600000
b	1727317200	18995.600000	1727317920	18998.600000
b	1727317920	18998.600000	1727319180	18993.600000
b	1727319180	18993.600000	1727320140	18995.300000
b	1727321280	18992.600000	1727323020	19012.600000
b	1727323020	19012.600000	1727323620	19009.600000
b	1727323620	19009.600000	1727324520	19008.600000
s	1727325300	19008.600000	1727326020	19006.600000
b	1727326020	19006.600000	1727326320	19012.600000
b	1727328060	19014.600000	1727328360	19019.600000
b	1727328960	19029.600000	1727329080	19041.600000
s	1727330040	19071.600000	1727330160	19081.600000
s	1727330160	19081.600000	1727331540	19088.900000
s	1727331540	19088.900000	1727332200	19089.900000
b	1727332200	19089.900000	1727333700	19100.900000
s	1727335140	19147.700000	1727335500	19130.700000
b	1727338080	19138.900000	1727338440	19151.900000
s	1727338440	19151.900000	1727339280	19155.900000
b	1727339280	19155.900000	1727339580	19166.900000
s	1727339580	19166.900000	1727339880	19156.900000
b	1727343780	19144.900000	1727343900	19134.900000
b	1727344860	19130.900000	1727345160	19122.900000
s	1727345160	19122.900000	1727346540	19117.900000
s	1727346540	19117.900000	1727347140	19123.900000
s	1727347140	19123.900000	1727347260	19131.900000
s	1727347260	19131.900000	1727348220	19141.900000
s	1727349000	19140.900000	1727350620	19152.900000
s	1727350620	19152.900000	1727351100	19154.900000
b	1727351100	19154.900000	1727351460	19150.900000
b	1727353800	19147.900000	1727353860	19140.900000
s	1727353860	19140.900000	1727353980	19152.900000
s	1727357220	19241.900000	1727357520	19229.900000
b	1727357820	19243.900000	1727358420	19240.900000
b	1727358420	19240.900000	1727358840	19246.900000
s	1727358840	19246.900000	1727359320	19231.900000
b	1727359320	19231.900000	1727360160	19235.900000
b	1727360460	19223.900000	1727361540	19206.900000
s	1727361660	19189.900000	1727362680	19181.900000
b	1727362680	19181.900000	1727365620	19264.900000
b	1727366040	19269.900000	1727366520	19266.900000
b	1727366520	19266.900000	1727367000	19269.900000
b	1727367000	19269.900000	1727367240	19263.900000
s	1727367240	19263.900000	1727367300	19271.900000
s	1727367300	19271.900000	1727367780	19267.900000
s	1727369700	19270.900000	1727369820	19265.900000
s	1727369820	19265.900000	1727370240	19269.900000
s	1727371680	19254.900000	1727372460	19263.900000
b	1727372520	19267.900000	1727374260	19275.900000
s	1727374320	19280.900000	1727374920	19280.900000
b	1727375760	19280.900000	1727376240	19278.900000
b	1727376720	19277.900000	1727377320	19279.900000
s	1727379300	19268.900000	1727379540	19276.900000
b	1727379540	19276.900000	1727397360	19288.600000
b	1727397360	19288.600000	1727398260	19293.600000
s	1727398260	19293.600000	1727399220	19293.600000
s	1727399880	19293.600000	1727400420	19284.600000
b	1727402040	19260.600000	1727402340	19254.600000
s	1727402340	19254.600000	1727403420	19256.600000
s	1727403420	19256.600000	1727403480	19250.600000
s	1727403480	19250.600000	1727404260	19250.600000
s	1727405220	19245.600000	1727405700	19244.600000
s	1727405940	19250.600000	1727406420	19246.600000
s	1727406420	19246.600000	1727406960	19245.600000
s	1727407860	19248.600000	1727408880	19256.600000
b	1727409060	19265.600000	1727410260	19270.600000
b	1727410260	19270.600000	1727411100	19274.600000
s	1727411100	19274.600000	1727411820	19277.600000
b	1727412120	19282.100000	1727412600	19277.600000
b	1727413380	19291.600000	1727413440	19286.600000
b	1727413440	19286.600000	1727413560	19291.600000
s	1727413920	19286.300000	1727414340	19289.600000
s	1727414340	19289.600000	1727414520	19281.600000
s	1727415540	19263.600000	1727416320	19260.600000
s	1727416320	19260.600000	1727416500	19269.600000
b	1727416500	19269.600000	1727417460	19282.900000
b	1727420820	19274.900000	1727421600	19273.900000
b	1727421600	19273.900000	1727422080	19281.900000
b	1727422080	19281.900000	1727422320	19266.900000
b	1727423100	19268.900000	1727423400	19278.900000
s	1727423400	19278.900000	1727423700	19272.900000
b	1727425320	19285.900000	1727426460	19317.600000
s	1727426820	19326.900000	1727427300	19313.900000
s	1727428980	19345.900000	1727429640	19351.900000
b	1727429640	19351.900000	1727431080	19363.900000
b	1727431080	19363.900000	1727431380	19370.900000
b	1727431380	19370.900000	1727432340	19387.900000
b	1727432700	19394.900000	1727433180	19390.900000
b	1727433180	19390.900000	1727433900	19392.900000
b	1727434860	19394.900000	1727435460	19399.900000
s	1727435460	19399.900000	1727437080	19419.900000
b	1727437080	19419.900000	1727437380	19425.900000
b	1727438040	19430.900000	1727440380	19457.900000
b	1727440380	19457.900000	1727440740	19468.900000
b	1727440740	19468.900000	1727441520	19470.900000
b	1727441520	19470.900000	1727442420	19463.900000
b	1727442420	19463.900000	1727442900	19458.900000
s	1727442900	19458.900000	1727443620	19447.900000
s	1727443620	19447.900000	1727443920	19442.900000
b	1727444160	19454.900000	1727444340	19439.900000
s	1727444340	19439.900000	1727445120	19447.900000
s	1727445780	19453.900000	1727446680	19449.900000
b	1727447580	19466.900000	1727447820	19478.900000
s	1727448360	19475.900000	1727449140	19488.900000
b	1727449140	19488.900000	1727449500	19495.900000
b	1727449500	19495.900000	1727449620	19481.900000
b	1727450100	19484.900000	1727451000	19484.900000
s	1727451000	19484.900000	1727451780	19490.900000
s	1727452140	19485.900000	1727453820	19456.900000
s	1727456700	19432.900000	1727457840	19420.900000
s	1727458080	19412.900000	1727458980	19411.900000
s	1727459940	19424.900000	1727460360	19419.900000
b	1727460360	19419.900000	1727461440	19417.900000
b	1727461440	19417.900000	1727461500	19412.900000
s	1727461500	19412.900000	1727462520	19393.900000
s	1727462520	19393.900000	1727463180	19404.900000
s	1727463180	19404.900000	1727463360	19409.900000
b	1727463360	19409.900000	1727464020	19407.900000
b	1727466000	19412.900000	1727466300	19417.900000
s	1727466300	19417.900000	1727657160	19458.300000
b	1727657160	19458.300000	1727657880	19462.600000
b	1727657940	19456.300000	1727658420	19460.600000
b	1727658420	19460.600000	1727658720	19453.600000
s	1727658720	19453.600000	1727659080	19460.600000
s	1727659080	19460.600000	1727660400	19476.600000
b	1727660400	19476.600000	1727661240	19459.300000
b	1727661900	19458.300000	1727662020	19461.600000
b	1727662200	19457.600000	1727662740	19455.300000
b	1727666760	19475.600000	1727667840	19480.600000
b	1727667840	19480.600000	1727668380	19484.600000
b	1727668380	19484.600000	1727669160	19486.600000
b	1727669160	19486.600000	1727670120	19485.600000
b	1727670420	19481.600000	1727671380	19481.600000
s	1727671380	19481.600000	1727671500	19478.600000
b	1727672100	19475.600000	1727672400	19472.600000
s	1727672760	19476.600000	1727673060	19470.600000
s	1727674200	19466.600000	1727674440	19459.600000
s	1727675100	19458.600000	1727675340	19452.600000
b	1727675340	19452.600000	1727676300	19451.900000
s	1727676300	19451.900000	1727676420	19430.600000
b	1727676420	19430.600000	1727677020	19434.900000
s	1727677020	19434.900000	1727677320	19420.900000
b	1727677320	19420.900000	1727677920	19422.900000
s	1727677920	19422.900000	1727679420	19427.900000
s	1727679420	19427.900000	1727679780	19432.900000
b	1727679780	19432.900000	1727680560	19442.900000
s	1727680560	19442.900000	1727681040	19449.900000
s	1727682060	19437.900000	1727682540	19426.900000
b	1727682960	19428.900000	1727683260	19413.700000
s	1727683740	19421.900000	1727684040	19406.900000
b	1727684040	19406.900000	1727684880	19414.900000
s	1727684880	19414.900000	1727685120	19396.900000
b	1727685120	19396.900000	1727687400	19379.900000
s	1727687400	19379.900000	1727687520	19368.900000
s	1727687520	19368.900000	1727688240	19377.900000
b	1727688240	19377.900000	1727689200	19390.900000
s	1727689680	19389.900000	1727690820	19399.900000
b	1727690820	19399.900000	1727691300	19402.900000
s	1727691300	19402.900000	1727692020	19401.900000
s	1727695080	19359.900000	1727695620	19356.900000
s	1727697780	19336.900000	1727698440	19330.900000
s	1727698440	19330.900000	1727698920	19335.900000
b	1727698920	19335.900000	1727699580	19334.900000
b	1727699580	19334.900000	1727700420	19337.900000
b	1727700420	19337.900000	1727700600	19331.900000
b	1727700600	19331.900000	1727700660	19339.900000
s	1727700660	19339.900000	1727701080	19334.900000
b	1727701320	19341.900000	1727702160	19358.900000
s	1727702640	19361.900000	1727703120	19357.900000
b	1727703900	19353.900000	1727704560	19363.900000
b	1727704560	19363.900000	1727705100	19365.900000
b	1727705100	19365.900000	1727705400	19355.900000
b	1727705700	19351.900000	1727706180	19359.900000
b	1727707980	19355.900000	1727708460	19360.900000
b	1727708940	19358.900000	1727709180	19375.900000
b	1727709720	19366.900000	1727710980	19344.900000
s	1727710980	19344.900000	1727712000	19351.900000
b	1727712000	19351.900000	1727712420	19356.900000
s	1727712420	19356.900000	1727713380	19357.900000
s	1727713380	19357.900000	1727714160	19360.900000
b	1727715600	19363.900000	1727716620	19361.900000
b	1727716620	19361.900000	1727717100	19360.900000
s	1727717100	19360.900000	1727717760	19357.900000
b	1727719740	19370.900000	1727720040	19359.900000
s	1727720940	19338.900000	1727722380	19363.900000
b	1727722380	19363.900000	1727722440	19370.900000
b	1727722680	19362.900000	1727723160	19362.900000
s	1727724240	19361.900000	1727724660	19366.900000
b	1727744040	19405.900000	1727744280	19410.900000
b	1727744280	19410.900000	1727744520	19404.900000
b	1727744520	19404.900000	1727744760	19408.900000
b	1727744760	19408.900000	1727745420	19408.900000
s	1727745900	19409.900000	1727746740	19415.600000
b	1727746740	19415.600000	1727747220	19414.900000
b	1727748300	19409.900000	1727749320	19405.900000
s	1727752800	19394.900000	1727753400	19394.900000
s	1727753400	19394.900000	1727754720	19408.900000
s	1727755020	19413.900000	1727755800	19410.900000
b	1727756460	19414.900000	1727757120	19413.900000
s	1727758020	19408.400000	1727758320	19404.900000
s	1727759580	19402.900000	1727759940	19400.900000
s	1727760360	19403.900000	1727760720	19402.900000
b	1727761560	19396.400000	1727762280	19397.900000
b	1727762280	19397.900000	1727763000	19397.200000
s	1727763000	19397.200000	1727764680	19423.200000
b	1727764680	19423.200000	1727765280	19424.200000
s	1727765280	19424.200000	1727765700	19419.200000
b	1727766180	19427.200000	1727766360	19414.200000
s	1727767260	19374.200000	1727767920	19372.200000
b	1727768340	19386.200000	1727769660	19403.200000
s	1727773080	19399.200000	1727773200	19390.200000
s	1727774760	19385.200000	1727775060	19377.200000
s	1727775060	19377.200000	1727775780	19381.200000
b	1727775780	19381.200000	1727777160	19386.200000
s	1727777220	19395.200000	1727777340	19386.200000
b	1727777640	19397.200000	1727777880	19389.200000
b	1727778780	19390.200000	1727779200	19396.200000
b	1727779200	19396.200000	1727779560	19389.200000
s	1727779560	19389.200000	1727779980	19394.200000
s	1727779980	19394.200000	1727781360	19415.200000
b	1727782200	19413.200000	1727782800	19409.200000
s	1727783160	19413.200000	1727783820	19419.200000
b	1727783820	19419.200000	1727784060	19427.200000
b	1727785740	19447.200000	1727786220	19451.200000
b	1727786700	19447.200000	1727787240	19449.200000
b	1727787240	19449.200000	1727787660	19445.200000
s	1727787660	19445.200000	1727787780	19454.200000
b	1727788260	19449.200000	1727788980	19444.200000
s	1727791380	19273.400000	1727792460	19216.200000
b	1727792460	19216.200000	1727792880	19182.200000
s	1727792880	19182.200000	1727793240	19208.200000
s	1727794560	19199.200000	1727795160	19199.200000
b	1727795160	19199.200000	1727796000	19181.200000
b	1727797560	19217.200000	1727798100	19220.200000
b	1727798340	19211.200000	1727798640	19219.200000
b	1727799240	19213.200000	1727799660	19220.200000
b	1727799780	19212.200000	1727800140	19219.200000
b	1727800320	19205.200000	1727801580	19184.200000
s	1727801580	19184.200000	1727802240	19179.200000
s	1727803860	19157.200000	1727807040	19248.200000
b	1727807100	19255.200000	1727807760	19258.200000
b	1727807760	19258.200000	1727808300	19266.200000
b	1727808300	19266.200000	1727808480	19257.200000
s	1727809740	19252.200000	1727809980	19242.200000
b	1727810400	19247.200000	1727810940	19244.200000
s	1727811600	19235.200000	1727811840	19224.000000
s	1727811840	19224.000000	1727829360	19219.400000
b	1727829360	19219.400000	1727830260	19226.700000
s	1727830260	19226.700000	1727830680	19226.700000
s	1727830680	19226.700000	1727831460	19232.400000
b	1727833260	19254.400000	1727833680	19256.700000
b	1727834160	19255.400000	1727834340	19265.700000
b	1727834340	19265.700000	1727835000	19262.700000
b	1727835000	19262.700000	1727835180	19270.700000
b	1727835540	19262.700000	1727835840	19264.700000
s	1727835840	19264.700000	1727835960	19256.700000
b	1727838360	19252.700000	1727838420	19245.700000
b	1727838960	19243.700000	1727839440	19242.700000
b	1727839440	19242.700000	1727839620	19250.700000
s	1727840820	19269.700000	1727842080	19272.700000
b	1727842500	19265.700000	1727842620	19272.700000
s	1727842620	19272.700000	1727843100	19265.700000
b	1727843100	19265.700000	1727844060	19249.700000
s	1727848020	19216.700000	1727848740	19223.700000
b	1727848740	19223.700000	1727849160	19209.200000
s	1727849160	19209.200000	1727849640	19210.000000
b	1727850420	19203.000000	1727851500	19224.000000
s	1727851500	19224.000000	1727852040	19220.000000
b	1727852040	19220.000000	1727852340	19211.000000
b	1727852580	19206.000000	1727852880	19230.000000
b	1727852880	19230.000000	1727853060	19207.800000
b	1727853060	19207.800000	1727853420	19231.000000
s	1727853420	19231.000000	1727853660	19218.800000
b	1727853660	19218.800000	1727854080	19226.000000
s	1727854080	19226.000000	1727855280	19239.000000
b	1727855280	19239.000000	1727855700	19251.000000
b	1727856840	19243.000000	1727857440	19248.000000
b	1727857500	19234.000000	1727857920	19245.000000
b	1727858400	19245.000000	1727859120	19227.000000
s	1727859120	19227.000000	1727859600	19218.000000
b	1727861280	19180.000000	1727861760	19180.000000
s	1727861760	19180.000000	1727863020	19162.000000
b	1727863020	19162.000000	1727863260	19147.000000
s	1727863260	19147.000000	1727864160	19138.000000
s	1727864580	19129.000000	1727864940	19141.000000
b	1727864940	19141.000000	1727865600	19156.000000
s	1727865600	19156.000000	1727866140	19152.000000
b	1727866140	19152.000000	1727866440	19142.000000
s	1727868300	19101.000000	1727869320	19114.000000
s	1727869320	19114.000000	1727870700	19092.000000
s	1727870700	19092.000000	1727870760	19074.800000
s	1727870760	19074.800000	1727870940	19092.000000
s	1727870940	19092.000000	1727872140	19100.800000
b	1727874540	19125.000000	1727875740	19123.000000
b	1727875740	19123.000000	1727875860	19101.000000
s	1727875860	19101.000000	1727876820	19102.000000
b	1727878200	19124.000000	1727878500	19103.000000
b	1727878980	19104.000000	1727879520	19126.000000
b	1727880840	19140.000000	1727881380	19151.000000
s	1727882880	19153.000000	1727884320	19183.000000
s	1727884740	19189.000000	1727885340	19187.000000
b	1727886300	19185.000000	1727886600	19176.000000
s	1727886600	19176.000000	1727887320	19176.000000
b	1727887320	19176.000000	1727887380	19171.000000
s	1727889240	19143.000000	1727890440	19144.000000
s	1727890440	19144.000000	1727890680	19154.000000
b	1727890680	19154.000000	1727892660	19174.000000
s	1727892780	19178.000000	1727892840	19174.000000
b	1727892840	19174.000000	1727892900	19178.000000
s	1727893200	19174.000000	1727894040	19167.000000
s	1727894040	19167.000000	1727895120	19166.000000
b	1727895120	19166.000000	1727895600	19169.000000
b	1727895600	19169.000000	1727896500	19169.000000
b	1727897700	19167.000000	1727898600	19165.000000
s	1727898600	19165.000000	1727915880	19136.600000
b	1727915880	19136.600000	1727916300	19134.600000
s	1727916300	19134.600000	1727917140	19134.900000
b	1727917140	19134.900000	1727917620	19134.600000
s	1727918820	19122.900000	1727919840	19101.900000
b	1727919840	19101.900000	1727919900	19094.900000
s	1727919900	19094.900000	1727920200	19101.900000
b	1727920200	19101.900000	1727920860	19100.900000
s	1727922840	19094.900000	1727923560	19094.900000
b	1727924460	19084.900000	1727924640	19075.900000
s	1727924640	19075.900000	1727924760	19084.900000
s	1727924760	19084.900000	1727926020	19092.900000
s	1727928840	19072.900000	1727928900	19075.900000
s	1727930220	19074.900000	1727930520	19065.600000
b	1727931360	19052.900000	1727931840	19051.900000
b	1727931840	19051.900000	1727932560	19062.900000
b	1727932560	19062.900000	1727932980	19057.600000
b	1727933520	19062.900000	1727934120	19058.900000
b	1727934120	19058.900000	1727934600	19063.900000
b	1727934780	19048.900000	1727935260	19056.900000
b	1727937000	19077.200000	1727937420	19073.200000
s	1727937900	19080.200000	1727938740	19087.200000
b	1727938740	19087.200000	1727939100	19100.200000
b	1727939100	19100.200000	1727939580	19088.200000
b	1727939580	19088.200000	1727940060	19083.200000
s	1727940060	19083.200000	1727940360	19058.000000
b	1727940360	19058.000000	1727941980	19015.200000
s	1727942460	18985.000000	1727942580	19004.200000
b	1727942580	19004.200000	1727943000	18995.200000
b	1727943000	18995.200000	1727943300	19008.200000
b	1727943300	19008.200000	1727943720	18996.200000
b	1727943720	18996.200000	1727944080	19012.200000
s	1727944080	19012.200000	1727944440	18990.200000
b	1727944440	18990.200000	1727944680	19003.200000
s	1727945700	19033.200000	1727946240	19026.200000
s	1727946240	19026.200000	1727946600	19036.200000
b	1727948340	19046.200000	1727948760	19053.200000
s	1727948760	19053.200000	1727949120	19043.200000
b	1727949120	19043.200000	1727949300	19051.200000
s	1727949300	19051.200000	1727949900	19050.200000
b	1727949900	19050.200000	1727950800	19048.200000
b	1727951760	19064.200000	1727952120	19076.200000
s	1727952120	19076.200000	1727952420	19067.200000
s	1727952600	19075.200000	1727953080	19077.200000
b	1727953080	19077.200000	1727953260	19088.200000
s	1727953260	19088.200000	1727953680	19087.200000
b	1727954460	19092.200000	1727955180	19097.200000
b	1727955180	19097.200000	1727955540	19106.200000
s	1727955540	19106.200000	1727956140	19105.200000
b	1727956140	19105.200000	1727956680	19103.200000
s	1727956680	19103.200000	1727956980	19098.200000
s	1727959320	19047.200000	1727959680	19035.200000
s	1727959680	19035.200000	1727960400	19042.200000
s	1727961420	19048.200000	1727961900	19040.200000
s	1727963700	19008.200000	1727964780	19028.200000
b	1727964780	19028.200000	1727965980	18999.200000
s	1727966400	18986.200000	1727966820	19001.200000
s	1727967540	18989.200000	1727967960	18992.200000
s	1727968380	18981.200000	1727968500	18995.200000
b	1727971080	19036.200000	1727971680	19040.200000
b	1727972160	19040.200000	1727972520	19043.200000
s	1727972520	19043.200000	1727972880	19039.200000
s	1727975280	18995.200000	1727975700	18986.200000
s	1727975700	18986.200000	1727976000	18991.200000
b	1727976000	18991.200000	1727976540	18992.200000
s	1727976540	18992.200000	1727977500	18995.200000
s	1727978580	18991.200000	1727978700	19000.200000
s	1727978700	19000.200000	1727979720	18999.200000
b	1727980740	18996.700000	1727981220	18995.700000
s	1727981220	18995.700000	1727981280	18998.700000
b	1727981340	18995.700000	1727981400	18999.700000
b	1727981400	18999.700000	1727981880	18995.700000
b	1727981880	18995.700000	1727983140	18986.700000
s	1727983140	18986.700000	1727983680	18984.700000
b	1727983680	18984.700000	1727984280	18990.700000
b	1727984280	18990.700000	1727984400	18986.700000
b	1727984400	18986.700000	1727984880	18986.700000
b	1728002220	18980.700000	1728002340	18988.400000
b	1728002340	18988.400000	1728003720	18983.700000
s	1728004680	18981.700000	1728005400	18985.700000
b	1728005400	18985.700000	1728005820	18990.700000
s	1728005820	18990.700000	1728007200	19019.700000
b	1728010800	19027.700000	1728011040	19024.700000
b	1728011760	19022.400000	1728012600	19021.700000
s	1728012600	19021.700000	1728012660	19015.700000
s	1728012660	19015.700000	1728013080	19018.700000
b	1728013080	19018.700000	1728013260	19009.700000
s	1728013680	19014.400000	1728014100	19012.700000
s	1728015720	19020.700000	1728015900	19025.700000
b	1728016560	19024.700000	1728017940	19010.700000
b	1728018960	19019.700000	1728019680	19019.700000
b	1728019740	19024.700000	1728019920	19016.700000
b	1728019920	19016.700000	1728020520	19013.200000
s	1728020520	19013.200000	1728021000	19009.700000
b	1728021180	19016.700000	1728021720	19011.700000
s	1728023400	19008.000000	1728023820	19010.000000
s	1728024840	19006.000000	1728024960	18998.000000
b	1728025860	18990.000000	1728028200	19026.000000
b	1728028200	19026.000000	1728028440	19040.000000
s	1728028440	19040.000000	1728028740	19031.000000
b	1728029820	19021.000000	1728030480	19024.000000
s	1728030480	19024.000000	1728031200	19033.000000
s	1728031560	19026.000000	1728032520	19030.000000
b	1728032520	19030.000000	1728033300	19029.000000
s	1728033300	19029.000000	1728033540	19038.000000
s	1728033540	19038.000000	1728034500	19044.000000
b	1728036060	19053.000000	1728036660	19057.000000
s	1728036660	19057.000000	1728037140	19057.000000
b	1728037140	19057.000000	1728037860	19058.000000
s	1728037860	19058.000000	1728038580	19056.000000
s	1728038580	19056.000000	1728038760	19066.000000
s	1728039660	19044.000000	1728040920	19058.000000
b	1728040920	19058.000000	1728042300	19050.000000
b	1728042300	19050.000000	1728042900	19046.000000
b	1728044280	19064.000000	1728044820	19073.000000
s	1728044820	19073.000000	1728046500	19141.000000
s	1728046560	19160.000000	1728047040	19155.000000
s	1728048000	19134.000000	1728049320	19120.000000
b	1728050520	19130.000000	1728050940	19114.800000
s	1728052500	19115.000000	1728054720	19141.000000
s	1728056100	19126.000000	1728056940	19146.000000
s	1728057060	19155.000000	1728058080	19179.000000
b	1728058080	19179.000000	1728058560	19175.000000
b	1728058560	19175.000000	1728058920	19168.000000
b	1728058920	19168.000000	1728059580	19161.000000
b	1728060660	19175.000000	1728061860	19171.000000
b	1728061860	19171.000000	1728062640	19176.000000
b	1728062640	19176.000000	1728063720	19170.000000
s	1728063720	19170.000000	1728064200	19169.000000
s	1728065880	19159.000000	1728066720	19165.000000
b	1728066720	19165.000000	1728066840	19170.000000
s	1728068760	19181.000000	1728069120	19178.000000
b	1728071100	19195.000000	1728071640	19198.000000
s	1728071640	19198.000000	1728261000	19173.400000
s	1728262860	19182.400000	1728262920	19192.400000
b	1728262920	19192.400000	1728264540	19214.900000
b	1728264540	19214.900000	1728264720	19224.100000
b	1728265440	19225.400000	1728266160	19200.100000
s	1728268200	19196.400000	1728268800	19193.100000
b	1728270180	19188.400000	1728270240	19195.400000
s	1728271260	19191.400000	1728271920	19189.400000
b	1728271920	19189.400000	1728271980	19185.400000
s	1728271980	19185.400000	1728272400	19186.400000
b	1728273900	19190.400000	1728274320	19187.400000
b	1728274320	19187.400000	1728274380	19190.400000
b	1728275340	19193.400000	1728275580	19198.400000
b	1728275580	19198.400000	1728276000	19197.400000
s	1728278220	19195.400000	1728278520	19189.400000
b	1728280200	19177.400000	1728280800	19176.400000
b	1728280800	19176.400000	1728281820	19182.700000
s	1728283020	19178.700000	1728284280	19194.700000
b	1728284280	19194.700000	1728286200	19081.700000
s	1728286200	19081.700000	1728286680	19064.700000
b	1728286680	19064.700000	1728287100	19069.700000
s	1728287340	19056.700000	1728288180	19045.700000
b	1728288180	19045.700000	1728288900	19054.700000
b	1728289440	19057.700000	1728290340	19069.700000
s	1728290340	19069.700000	1728290760	19075.700000
b	1728290760	19075.700000	1728291120	19062.700000
s	1728291120	19062.700000	1728292080	19046.700000
s	1728292080	19046.700000	1728292860	19040.700000
b	1728293460	19037.700000	1728294480	19063.700000
s	1728295380	19078.700000	1728295560	19063.700000
b	1728295560	19063.700000	1728296040	19069.700000
s	1728296040	19069.700000	1728297600	19084.700000
s	1728297600	19084.700000	1728298140	19082.700000
s	1728298140	19082.700000	1728298560	19069.700000
b	1728298560	19069.700000	1728299160	19071.700000
s	1728300600	19078.700000	1728301020	19083.700000
s	1728301500	19079.700000	1728301920	19084.700000
b	1728302400	19085.700000	1728302580	19090.700000
s	1728302640	19083.700000	1728303120	19088.700000
b	1728304260	19095.700000	1728304320	19105.700000
b	1728304320	19105.700000	1728305460	19117.700000
b	1728305460	19117.700000	1728306000	19112.700000
b	1728306000	19112.700000	1728306900	19121.700000
b	1728306900	19121.700000	1728307260	19129.700000
s	1728307260	19129.700000	1728307680	19124.700000
b	1728307680	19124.700000	1728308280	19132.700000
s	1728308280	19132.700000	1728308700	19121.700000
b	1728308700	19121.700000	1728309780	19112.700000
s	1728309780	19112.700000	1728310140	19102.700000
s	1728310560	19112.700000	1728311100	19106.700000
s	1728311760	19113.700000	1728312000	19100.700000
b	1728313200	19099.700000	1728313860	19110.700000
s	1728314460	19106.700000	1728315240	19105.700000
s	1728317280	19093.700000	1728317340	19087.700000
s	1728317340	19087.700000	1728317760	19091.700000
b	1728317760	19091.700000	1728318600	19092.700000
s	1728318780	19098.700000	1728319260	19093.700000
b	1728319260	19093.700000	1728319680	19095.700000
b	1728321600	19105.700000	1728322080	19105.700000
s	1728322080	19105.700000	1728322140	19098.700000
b	1728322140	19098.700000	1728322620	19098.700000
s	1728325020	19077.700000	1728326460	19051.700000
b	1728326460	19051.700000	1728326640	19039.700000
s	1728326640	19039.700000	1728327900	19004.700000
s	1728327900	19004.700000	1728329340	19018.700000
b	1728330300	19013.700000	1728331080	19022.700000
s	1728331080	19022.700000	1728347400	19056.600000
b	1728347400	19056.600000	1728348000	19057.300000
b	1728348000	19057.300000	1728348540	19060.600000
b	1728348780	19057.300000	1728350640	19028.300000
s	1728351060	19023.600000	1728352140	19001.600000
s	1728352140	19001.600000	1728352560	18998.600000
s	1728352560	18998.600000	1728355380	18944.300000
s	1728355800	18931.600000	1728356040	18948.300000
b	1728356040	18948.300000	1728357000	18952.100000
b	1728358200	18950.600000	1728359340	18949.100000
b	1728362100	18966.600000	1728362220	18959.300000
s	1728362220	18959.300000	1728362880	18960.600000
b	1728363840	18961.600000	1728364560	18956.600000
s	1728364560	18956.600000	1728364860	18945.300000
s	1728367080	18942.600000	1728367680	18946.500000
s	1728367680	18946.500000	1728368040	18953.900000
s	1728368940	18935.900000	1728370860	18941.900000
b	1728370860	18941.900000	1728371280	18963.900000
b	1728371280	18963.900000	1728371640	18948.700000
s	1728372480	18942.900000	1728373500	18963.900000
s	1728373500	18963.900000	1728374340	18954.900000
b	1728374340	18954.900000	1728375180	18954.900000
s	1728375480	18976.900000	1728375840	18959.700000
b	1728375840	18959.700000	1728376560	18962.900000
b	1728377400	18967.900000	1728378060	18970.900000
b	1728378060	18970.900000	1728378540	18979.900000
b	1728380340	19019.900000	1728380640	19027.900000
b	1728381900	19034.900000	1728382980	19049.900000
b	1728382980	19049.900000	1728383280	19060.900000
s	1728385800	19065.900000	1728385980	19073.900000
s	1728385980	19073.900000	1728386580	19069.900000
b	1728386580	19069.900000	1728387000	19080.900000
b	1728387000	19080.900000	1728387480	19080.900000
b	1728387480	19080.900000	1728388140	19077.900000
s	1728388140	19077.900000	1728389160	19085.700000
b	1728389160	19085.700000	1728390000	19083.900000
s	1728390000	19083.900000	1728390600	19077.900000
s	1728390600	19077.900000	1728390900	19086.900000
s	1728390900	19086.900000	1728391260	19077.900000
s	1728391560	19081.900000	1728392820	19082.900000
b	1728392820	19082.900000	1728393300	19097.900000
s	1728393300	19097.900000	1728393420	19088.900000
b	1728394200	19085.900000	1728394320	19096.900000
s	1728394320	19096.900000	1728394380	19082.900000
s	1728394920	19082.900000	1728396180	19087.900000
b	1728397320	19046.900000	1728397740	19058.900000
s	1728398100	19050.900000	1728398520	19060.900000
s	1728401040	19066.900000	1728401400	19078.900000
b	1728401640	19071.900000	1728402000	19079.900000
b	1728402000	19079.900000	1728403260	19094.900000
b	1728403260	19094.900000	1728404160	19091.900000
s	1728404160	19091.900000	1728406020	19103.900000
b	1728406020	19103.900000	1728406560	19101.900000
s	1728406560	19101.900000	1728406980	19098.900000
b	1728406980	19098.900000	1728408180	19078.900000
s	1728408180	19078.900000	1728408720	19077.900000
s	1728408720	19077.900000	1728408900	19083.900000
b	1728408900	19083.900000	1728409620	19081.900000
b	1728409980	19084.900000	1728411480	19088.900000
b	1728411480	19088.900000	1728411660	19091.900000
s	1728411660	19091.900000	1728411720	19087.900000
b	1728411720	19087.900000	1728412380	19086.900000
b	1728413100	19091.900000	1728413340	19095.900000
s	1728413340	19095.900000	1728414060	19096.900000
b	1728414060	19096.900000	1728414720	19097.900000
b	1728414720	19097.900000	1728415500	19101.900000
b	1728415500	19101.900000	1728415860	19106.900000
s	1728415860	19106.900000	1728416700	19109.900000
b	1728416700	19109.900000	1728416940	19115.900000
s	1728436140	19117.600000	1728436680	19116.600000
b	1728438720	19109.600000	1728440040	19076.600000
b	1728440040	19076.600000	1728440760	19078.600000
s	1728440760	19078.600000	1728441840	19068.600000
b	1728441840	19068.600000	1728442260	19066.100000
b	1728442500	19068.600000	1728442800	19061.600000
s	1728443820	19055.600000	1728444120	19058.600000
s	1728444120	19058.600000	1728445020	19058.600000
s	1728445140	19065.600000	1728445740	19065.100000
b	1728445740	19065.100000	1728446640	19066.600000
s	1728446640	19066.600000	1728447180	19068.600000
s	1728447180	19068.600000	1728447540	19070.600000
s	1728447540	19070.600000	1728447600	19068.600000
b	1728447600	19068.600000	1728447660	19070.600000
s	1728447660	19070.600000	1728448140	19071.600000
b	1728448140	19071.600000	1728448260	19073.600000
s	1728448260	19073.600000	1728448500	19069.600000
b	1728448500	19069.600000	1728449940	19062.600000
s	1728449940	19062.600000	1728450600	19080.600000
b	1728450600	19080.600000	1728451080	19081.600000
b	1728451080	19081.600000	1728452700	19092.600000
b	1728452700	19092.600000	1728453660	19096.600000
b	1728454140	19089.500000	1728454620	19091.900000
s	1728454680	19082.900000	1728455160	19080.900000
s	1728456060	19072.900000	1728457200	19086.900000
s	1728457200	19086.900000	1728458580	19036.900000
s	1728460020	19062.900000	1728460980	19068.900000
s	1728460980	19068.900000	1728461460	19073.900000
b	1728461460	19073.900000	1728461880	19066.900000
b	1728461880	19066.900000	1728462540	19054.900000
s	1728462540	19054.900000	1728463560	19069.900000
s	1728464280	19058.900000	1728465960	19085.900000
s	1728466260	19094.900000	1728466560	19082.900000
b	1728467700	19099.900000	1728468240	19094.900000
s	1728468240	19094.900000	1728469260	19100.900000
b	1728469260	19100.900000	1728469680	19105.900000
b	1728471240	19111.900000	1728471600	19120.900000
s	1728471600	19120.900000	1728472740	19125.900000
b	1728472740	19125.900000	1728473100	19129.900000
s	1728473100	19129.900000	1728473340	19123.900000
b	1728473340	19123.900000	1728474300	19125.900000
s	1728475020	19122.900000	1728475200	19127.900000
b	1728475860	19122.900000	1728476700	19110.900000
b	1728477120	19106.900000	1728478140	19091.900000
s	1728478140	19091.900000	1728479280	19103.900000
b	1728479760	19104.900000	1728480120	19097.900000
s	1728480360	19105.900000	1728483420	19191.900000
b	1728483420	19191.900000	1728483780	19201.900000
b	1728483780	19201.900000	1728484980	19210.900000
s	1728484980	19210.900000	1728485400	19215.900000
b	1728485400	19215.900000	1728487920	19258.900000
b	1728487920	19258.900000	1728488580	19264.900000
b	1728490020	19261.900000	1728490440	19257.900000
s	1728490440	19257.900000	1728491100	19258.900000
s	1728492060	19257.900000	1728492300	19261.900000
b	1728492780	19259.900000	1728493260	19260.900000
s	1728493260	19260.900000	1728493320	19256.900000
b	1728494940	19268.900000	1728495660	19273.900000
b	1728495660	19273.900000	1728495780	19269.900000
s	1728496020	19273.900000	1728496200	19268.900000
b	1728498840	19263.900000	1728499140	19269.900000
b	1728499140	19269.900000	1728499920	19269.900000
b	1728499920	19269.900000	1728500640	19267.900000
b	1728500640	19267.900000	1728500820	19262.900000
s	1728500820	19262.900000	1728501240	19267.900000
b	1728502380	19278.900000	1728502860	19280.900000
b	1728502860	19280.900000	1728503400	19280.900000
b	1728520200	19278.200000	1728520500	19286.900000
s	1728520500	19286.900000	1728521700	19295.700000
b	1728521700	19295.700000	1728522300	19292.700000
s	1728522900	19291.400000	1728523620	19287.700000
s	1728523620	19287.700000	1728524700	19294.700000
b	1728524700	19294.700000	1728525180	19299.700000
s	1728525180	19299.700000	1728525240	19293.700000
b	1728526140	19293.700000	1728526740	19286.700000
s	1728526740	19286.700000	1728528240	19294.700000
s	1728528240	19294.700000	1728528360	19299.700000
s	1728528360	19299.700000	1728528600	19294.700000
s	1728529080	19295.700000	1728529140	19291.400000
b	1728531540	19279.700000	1728532500	19280.700000
b	1728532500	19280.700000	1728532560	19282.700000
b	1728532560	19282.700000	1728533340	19281.700000
b	1728533760	19284.700000	1728533820	19281.700000
s	1728534360	19283.700000	1728534720	19279.700000
s	1728534720	19279.700000	1728534900	19283.700000
b	1728534900	19283.700000	1728535620	19279.700000
s	1728536220	19280.700000	1728536880	19287.700000
b	1728536880	19287.700000	1728538200	19271.700000
s	1728538200	19271.700000	1728538260	19265.700000
b	1728538260	19265.700000	1728539100	19264.700000
s	1728539400	19259.700000	1728540060	19254.700000
s	1728540300	19236.700000	1728540780	19248.000000
s	1728540780	19248.000000	1728540900	19239.000000
b	1728542640	19243.000000	1728542820	19235.000000
b	1728542820	19235.000000	1728543420	19244.000000
b	1728546480	19196.000000	1728546900	19190.000000
b	1728546900	19190.000000	1728546960	19200.000000
b	1728546960	19200.000000	1728547980	19200.000000
b	1728548160	19213.000000	1728548520	19202.000000
b	1728549540	19201.000000	1728550080	19198.000000
s	1728552540	19191.000000	1728553920	19218.000000
s	1728553920	19218.000000	1728553980	19225.000000
b	1728553980	19225.000000	1728555720	19245.000000
b	1728555720	19245.000000	1728556140	19250.000000
s	1728556140	19250.000000	1728557100	19258.000000
s	1728558900	19228.000000	1728559020	19237.000000
b	1728560460	19257.700000	1728561060	19257.000000
b	1728563340	19268.000000	1728563940	19234.000000
s	1728564480	19239.000000	1728564660	19222.800000
s	1728564660	19222.800000	1728565380	19235.000000
b	1728565800	19223.000000	1728566220	19228.000000
b	1728567240	19222.000000	1728568380	19174.000000
s	1728568380	19174.000000	1728568800	19157.000000
b	1728568800	19157.000000	1728568980	19184.000000
b	1728568980	19184.000000	1728570000	19196.000000
b	1728571800	19197.000000	1728571980	19180.000000
b	1728571980	19180.000000	1728572640	19189.000000
b	1728573600	19210.000000	1728574200	19211.000000
b	1728574200	19211.000000	1728574260	19203.000000
b	1728574440	19212.000000	1728575460	19214.000000
s	1728575460	19214.000000	1728575580	19221.000000
b	1728575580	19221.000000	1728576240	19225.000000
b	1728576240	19225.000000	1728576420	19233.000000
s	1728577440	19236.000000	1728578280	19230.000000
s	1728578520	19225.000000	1728579120	19223.000000
b	1728579120	19223.000000	1728579660	19218.000000
b	1728580380	19216.000000	1728581280	19220.000000
b	1728581520	19224.000000	1728582000	19223.000000
b	1728582000	19223.000000	1728582120	19230.000000
s	1728582120	19230.000000	1728582540	19225.000000
b	1728582540	19225.000000	1728583020	19224.000000
s	1728583020	19224.000000	1728583320	19219.000000
s	1728583320	19219.000000	1728583800	19221.000000
b	1728583800	19221.000000	1728583980	19215.000000
b	1728583980	19215.000000	1728584520	19216.000000
s	1728586980	19196.000000	1728587460	19198.000000
b	1728587760	19193.000000	1728587880	19200.000000
b	1728587880	19200.000000	1728588420	19199.000000
b	1728588420	19199.000000	1728588720	19202.000000
s	1728588780	19199.000000	1728588840	19202.000000
b	1728588960	19199.000000	1728589080	19203.000000
s	1728589080	19203.000000	1728607020	19236.800000
b	1728607020	19236.800000	1728607740	19242.800000
s	1728607740	19242.800000	1728608220	19236.800000
b	1728608280	19240.800000	1728609540	19248.800000
s	1728609540	19248.800000	1728609960	19254.800000
b	1728609960	19254.800000	1728610500	19251.800000
b	1728610500	19251.800000	1728610980	19253.800000
s	1728611460	19252.800000	1728612240	19255.300000
s	1728612240	19255.300000	1728613860	19257.800000
b	1728617580	19249.800000	1728617640	19245.800000
b	1728617640	19245.800000	1728618000	19249.800000
b	1728619200	19250.800000	1728619740	19248.800000
b	1728619740	19248.800000	1728620100	19245.800000
b	1728620100	19245.800000	1728620460	19248.800000
s	1728620460	19248.800000	1728620580	19246.800000
s	1728624240	19220.300000	1728624720	19220.300000
s	1728624720	19220.300000	1728625680	19222.300000
s	1728625680	19222.300000	1728625980	19223.800000
b	1728626400	19221.800000	1728626640	19225.300000
b	1728626640	19225.300000	1728627300	19217.100000
b	1728627300	19217.100000	1728627420	19224.100000
b	1728627420	19224.100000	1728628560	19228.100000
b	1728628560	19228.100000	1728630180	19214.100000
s	1728630660	19203.900000	1728631560	19198.100000
b	1728634680	19221.100000	1728635340	19214.100000
b	1728636180	19217.100000	1728637020	19202.100000
s	1728638280	19229.100000	1728639240	19228.100000
s	1728639240	19228.100000	1728639840	19227.100000
b	1728639840	19227.100000	1728640740	19219.100000
s	1728642600	19229.100000	1728643380	19226.100000
s	1728643380	19226.100000	1728643440	19219.100000
s	1728643560	19226.100000	1728645240	19253.100000
b	1728646560	19242.100000	1728647280	19243.100000
b	1728647280	19243.100000	1728647340	19249.100000
s	1728647340	19249.100000	1728647940	19245.100000
b	1728648900	19240.100000	1728649560	19236.100000
s	1728649560	19236.100000	1728651000	19249.100000
b	1728651000	19249.100000	1728651540	19254.100000
b	1728651540	19254.100000	1728652500	19245.100000
b	1728652500	19245.100000	1728652920	19252.100000
b	1728653940	19264.100000	1728654120	19279.100000
b	1728654120	19279.100000	1728656400	19356.100000
b	1728656400	19356.100000	1728657600	19337.100000
b	1728659880	19357.100000	1728660480	19359.100000
b	1728662280	19367.100000	1728662400	19363.100000
b	1728662520	19363.100000	1728662640	19368.100000
b	1728662940	19363.100000	1728663360	19366.100000
s	1728663360	19366.100000	1728663480	19360.100000
b	1728664320	19364.100000	1728664800	19358.100000
s	1728665460	19359.100000	1728665640	19351.100000
s	1728666000	19359.100000	1728666300	19354.100000
b	1728666540	19358.100000	1728666960	19357.100000
b	1728668160	19367.100000	1728668220	19372.100000
b	1728668220	19372.100000	1728670680	19387.100000
s	1728670680	19387.100000	1728672180	19381.100000
b	1728672180	19381.100000	1728674160	19392.100000
b	1728674160	19392.100000	1728674580	19394.100000
s	1728674580	19394.100000	1728675000	19393.100000
s	1728867360	19372.500000	1728867600	19369.500000
s	1728867600	19369.500000	1728868380	19363.500000
s	1728868380	19363.500000	1728868860	19360.500000
s	1728868860	19360.500000	1728869280	19364.500000
b	1728869520	19365.500000	1728869580	19359.500000
b	1728869580	19359.500000	1728869700	19365.500000
b	1728870480	19371.500000	1728871860	19353.500000
s	1728873120	19360.000000	1728874140	19359.500000
s	1728874140	19359.500000	1728874200	19362.200000
b	1728874200	19362.200000	1728874680	19365.500000
b	1728874680	19365.500000	1728875280	19369.500000
b	1728876780	19377.500000	1728877080	19378.500000
b	1728878640	19371.500000	1728879180	19372.500000
s	1728879960	19370.500000	1728880260	19372.500000
b	1728880260	19372.500000	1728880500	19370.500000
b	1728881820	19368.500000	1728882060	19371.500000
b	1728882060	19371.500000	1728882360	19368.500000
b	1728882360	19368.500000	1728882480	19375.500000
b	1728882480	19375.500000	1728883680	19381.500000
b	1728883680	19381.500000	1728884700	19379.500000
s	1728884700	19379.500000	1728884820	19376.500000
b	1728885060	19379.500000	1728886380	19389.800000
s	1728886380	19389.800000	1728886620	19395.800000
b	1728886620	19395.800000	1728886740	19387.800000
b	1728886740	19387.800000	1728886800	19395.800000
b	1728886800	19395.800000	1728887340	19385.800000
b	1728887340	19385.800000	1728887700	19389.800000
b	1728888960	19411.800000	1728889440	19423.800000
s	1728889440	19423.800000	1728889800	19413.800000
b	1728889920	19432.500000	1728890940	19442.800000
b	1728890940	19442.800000	1728891120	19457.800000
b	1728895800	19411.800000	1728896340	19408.800000
s	1728897480	19429.800000	1728897780	19417.800000
b	1728898680	19421.800000	1728899220	19418.800000
b	1728899220	19418.800000	1728899580	19408.800000
s	1728899580	19408.800000	1728899940	19413.800000
b	1728899940	19413.800000	1728900360	19411.800000
b	1728900540	19424.800000	1728901500	19421.800000
b	1728901500	19421.800000	1728902040	19421.800000
s	1728902040	19421.800000	1728902220	19412.800000
s	1728902220	19412.800000	1728902880	19417.800000
s	1728902880	19417.800000	1728903300	19414.800000
b	1728903840	19415.800000	1728905280	19421.800000
s	1728905280	19421.800000	1728905640	19426.800000
s	1728907680	19424.800000	1728908040	19432.800000
s	1728908040	19432.800000	1728909600	19448.800000
s	1728912480	19454.800000	1728913380	19448.800000
b	1728914640	19513.800000	1728915120	19511.800000
s	1728915120	19511.800000	1728915420	19499.800000
b	1728915900	19501.800000	1728916500	19495.800000
b	1728916500	19495.800000	1728917160	19502.800000
b	1728917160	19502.800000	1728917520	19491.800000
b	1728917520	19491.800000	1728918000	19498.800000
b	1728919260	19506.800000	1728920580	19512.800000
b	1728920580	19512.800000	1728920760	19520.800000
s	1728922200	19521.800000	1728922320	19524.800000
b	1728922320	19524.800000	1728923580	19532.800000
b	1728923580	19532.800000	1728923760	19537.800000
b	1728924660	19537.800000	1728925020	19534.800000
s	1728925020	19534.800000	1728925320	19536.800000
s	1728925920	19532.800000	1728926400	19533.800000
s	1728926640	19530.800000	1728926700	19533.800000
b	1728926700	19533.800000	1728926820	19530.800000
b	1728926820	19530.800000	1728927840	19523.800000
b	1728927840	19523.800000	1728928680	19525.800000
s	1728928680	19525.800000	1728929220	19522.800000
s	1728932580	19548.800000	1728933420	19547.800000
b	1728933420	19547.800000	1728933840	19548.800000
s	1728934560	19545.800000	1728934680	19541.800000
b	1728934860	19546.800000	1728935460	19547.800000
s	1728935460	19547.800000	1728952200	19576.300000
s	1728954720	19572.300000	1728955740	19571.000000
b	1728956100	19570.800000	1728956220	19574.300000
b	1728957540	19582.300000	1728958380	19591.300000
b	1728958380	19591.300000	1728958800	19593.300000
s	1728960780	19582.300000	1728961260	19588.300000
b	1728964020	19583.000000	1728964380	19578.300000
b	1728964380	19578.300000	1728964740	19583.000000
b	1728965880	19585.300000	1728966180	19586.300000
s	1728966900	19587.300000	1728967680	19586.300000
b	1728969720	19569.300000	1728970440	19570.300000
s	1728970800	19557.300000	1728970980	19563.300000
b	1728970980	19563.300000	1728971400	19558.300000
b	1728973500	19574.600000	1728973920	19580.600000
b	1728973920	19580.600000	1728974340	19578.600000
b	1728974340	19578.600000	1728974760	19580.600000
b	1728975900	19583.600000	1728976260	19603.600000
s	1728976260	19603.600000	1728976800	19604.600000
b	1728976800	19604.600000	1728977100	19618.600000
s	1728977400	19608.400000	1728977460	19620.600000
s	1728977460	19620.600000	1728978240	19625.600000
b	1728978240	19625.600000	1728979680	19615.600000
s	1728981300	19564.600000	1728981960	19565.600000
b	1728981960	19565.600000	1728982140	19552.600000
b	1728982200	19566.600000	1728982500	19552.600000
s	1728983700	19541.600000	1728984960	19556.600000
s	1728984960	19556.600000	1728985740	19555.600000
b	1728986640	19567.600000	1728987360	19563.600000
b	1728987360	19563.600000	1728987720	19566.600000
b	1728988800	19577.300000	1728989340	19581.600000
s	1728990000	19571.600000	1728990180	19561.600000
b	1728990180	19561.600000	1728991440	19555.600000
b	1728992700	19568.600000	1728993600	19574.600000
b	1728993600	19574.600000	1728993780	19580.600000
b	1728994380	19579.600000	1728994680	19583.600000
b	1728994680	19583.600000	1728995220	19574.600000
b	1728995220	19574.600000	1728996000	19576.600000
s	1728996000	19576.600000	1728996300	19568.600000
b	1729000380	19567.600000	1729000920	19563.600000
s	1729001880	19563.600000	1729002180	19555.600000
b	1729002180	19555.600000	1729003320	19496.600000
b	1729004880	19514.400000	1729005300	19533.600000
b	1729005300	19533.600000	1729005780	19528.900000
s	1729006200	19533.600000	1729006440	19517.600000
b	1729006440	19517.600000	1729007460	19500.600000
s	1729007460	19500.600000	1729010460	19520.600000
b	1729012080	19512.600000	1729012740	19509.600000
s	1729015380	19490.600000	1729015500	19483.600000
b	1729015500	19483.600000	1729016460	19483.600000
s	1729016460	19483.600000	1729016880	19478.600000
s	1729018200	19477.600000	1729018680	19475.600000
s	1729019760	19470.600000	1729020540	19479.600000
s	1729020540	19479.600000	1729021140	19474.600000
s	1729021140	19474.600000	1729038660	19477.300000
s	1729038660	19477.300000	1729039020	19479.700000
s	1729039020	19479.700000	1729039320	19474.700000
s	1729041300	19477.700000	1729041960	19485.700000
s	1729042140	19490.700000	1729042860	19487.700000
s	1729042860	19487.700000	1729042980	19492.700000
b	1729042980	19492.700000	1729043340	19484.700000
b	1729043340	19484.700000	1729044000	19489.700000
s	1729044000	19489.700000	1729045020	19484.700000
b	1729045020	19484.700000	1729045320	19488.700000
s	1729045740	19484.400000	1729045980	19489.400000
b	1729045980	19489.400000	1729047060	19497.700000
b	1729047060	19497.700000	1729047900	19496.700000
s	1729049160	19492.400000	1729049640	19489.700000
b	1729050840	19494.700000	1729051260	19491.700000
s	1729051260	19491.700000	1729051740	19491.700000
b	1729051740	19491.700000	1729052160	19488.700000
s	1729052160	19488.700000	1729053000	19485.700000
b	1729053000	19485.700000	1729053780	19483.700000
b	1729054320	19483.700000	1729054680	19487.700000
s	1729054680	19487.700000	1729054920	19483.700000
s	1729057260	19471.700000	1729057320	19475.700000
b	1729057320	19475.700000	1729057380	19471.700000
b	1729057380	19471.700000	1729057500	19475.700000
b	1729057500	19475.700000	1729058040	19472.700000
b	1729058340	19483.700000	1729058580	19475.700000
b	1729058580	19475.700000	1729058880	19495.600000
s	1729059900	19478.000000	1729061100	19482.000000
b	1729062060	19478.000000	1729063500	19451.000000
s	1729063500	19451.000000	1729064280	19469.000000
s	1729064280	19469.000000	1729065120	19468.000000
b	1729066740	19466.000000	1729067100	19453.000000
b	1729067340	19471.000000	1729067700	19454.000000
b	1729071120	19436.000000	1729071360	19424.800000
b	1729071360	19424.800000	1729072260	19423.000000
b	1729073880	19418.000000	1729074720	19430.000000
b	1729076100	19437.000000	1729076640	19437.000000
s	1729076700	19430.000000	1729076880	19438.000000
b	1729078320	19449.000000	1729078500	19440.000000
b	1729079220	19439.000000	1729079460	19430.000000
b	1729079880	19437.000000	1729080900	19453.000000
b	1729080960	19460.000000	1729081200	19453.000000
b	1729081200	19453.000000	1729081500	19463.000000
s	1729081500	19463.000000	1729081800	19456.000000
b	1729081800	19456.000000	1729082400	19458.000000
s	1729082400	19458.000000	1729082760	19450.000000
s	1729082760	19450.000000	1729082940	19464.000000
b	1729083900	19455.000000	1729084200	19449.000000
s	1729084200	19449.000000	1729084500	19456.000000
s	1729084500	19456.000000	1729084860	19450.000000
s	1729088040	19501.000000	1729088100	19517.000000
b	1729088100	19517.000000	1729088340	19500.000000
b	1729088760	19505.000000	1729089480	19497.000000
s	1729089480	19497.000000	1729090260	19496.000000
s	1729090260	19496.000000	1729090620	19482.000000
s	1729092060	19467.000000	1729093320	19448.000000
b	1729093320	19448.000000	1729093740	19442.000000
s	1729093740	19442.000000	1729094520	19434.000000
s	1729094520	19434.000000	1729096080	19443.000000
b	1729097820	19453.000000	1729098360	19451.000000
s	1729101120	19458.000000	1729101300	19461.000000
b	1729101300	19461.000000	1729101960	19460.000000
b	1729101960	19460.000000	1729102140	19463.000000
b	1729102140	19463.000000	1729102680	19468.000000
b	1729102680	19468.000000	1729102860	19470.000000
s	1729103760	19482.000000	1729104480	19482.000000
s	1729105140	19478.000000	1729105200	19482.000000
s	1729105200	19482.000000	1729105320	19478.000000
s	1729105680	19480.000000	1729106400	19478.000000
s	1729106940	19475.000000	1729107000	19472.000000
s	1729107000	19472.000000	1729107300	19476.000000
b	1729107300	19476.000000	1729108200	19476.000000
s	1729108500	19481.000000	1729125120	19476.000000
b	1729125120	19476.000000	1729125900	19475.000000
b	1729127640	19485.000000	1729129980	19468.000000
s	1729129980	19468.000000	1729131180	19470.000000
b	1729131180	19470.000000	1729131780	19472.000000
s	1729131780	19472.000000	1729131960	19465.000000
s	1729134780	19457.000000	1729136340	19449.000000
b	1729136820	19447.000000	1729137180	19449.000000
b	1729137180	19449.000000	1729137600	19447.000000
b	1729137900	19447.000000	1729138800	19446.000000
s	1729138800	19446.000000	1729139040	19440.000000
s	1729139040	19440.000000	1729139460	19446.000000
s	1729139460	19446.000000	1729139640	19443.000000
s	1729139700	19448.000000	1729139880	19443.000000
b	1729139880	19443.000000	1729140120	19448.000000
b	1729140480	19446.000000	1729141500	19439.700000
s	1729141500	19439.700000	1729142580	19451.000000
b	1729142580	19451.000000	1729143000	19453.000000
s	1729143000	19453.000000	1729143720	19467.000000
b	1729143720	19467.000000	1729144560	19459.700000
b	1729144560	19459.700000	1729145040	19455.300000
s	1729145220	19469.800000	1729145880	19469.900000
b	1729145880	19469.900000	1729146720	19475.300000
s	1729146720	19475.300000	1729147740	19493.300000
b	1729148460	19495.300000	1729150980	19536.300000
b	1729150980	19536.300000	1729151460	19537.300000
s	1729152780	19539.300000	1729153140	19532.300000
b	1729153260	19543.300000	1729155420	19587.300000
b	1729155420	19587.300000	1729155780	19597.300000
b	1729155780	19597.300000	1729156080	19588.300000
s	1729156080	19588.300000	1729158000	19557.300000
s	1729160340	19585.300000	1729161600	19581.300000
s	1729162980	19586.300000	1729163520	19586.300000
b	1729163520	19586.300000	1729163700	19580.300000
s	1729163700	19580.300000	1729164720	19583.300000
b	1729164840	19576.300000	1729166280	19544.300000
s	1729166520	19539.300000	1729166640	19545.300000
b	1729166640	19545.300000	1729166820	19538.300000
b	1729168920	19586.300000	1729169400	19587.300000
s	1729169400	19587.300000	1729171020	19626.300000
s	1729171860	19652.300000	1729174500	19581.300000
b	1729174680	19566.300000	1729175040	19581.300000
s	1729175160	19565.300000	1729175640	19572.300000
b	1729175640	19572.300000	1729177020	19577.300000
b	1729177680	19575.300000	1729177980	19566.300000
b	1729177980	19566.300000	1729178160	19581.300000
s	1729178160	19581.300000	1729178580	19569.300000
b	1729179360	19579.300000	1729180680	19572.300000
b	1729180680	19572.300000	1729181520	19572.300000
s	1729181520	19572.300000	1729181760	19577.300000
s	1729182600	19577.300000	1729182900	19584.300000
b	1729182900	19584.300000	1729184280	19590.300000
b	1729184280	19590.300000	1729184580	19596.300000
s	1729187520	19583.300000	1729188000	19586.300000
b	1729188060	19582.300000	1729189500	19557.300000
s	1729189920	19554.300000	1729190400	19554.300000
s	1729190400	19554.300000	1729191360	19552.300000
s	1729191360	19552.300000	1729191600	19559.300000
b	1729192260	19557.300000	1729192680	19557.300000
b	1729192680	19557.300000	1729193220	19557.300000
b	1729193340	19553.300000	1729193640	19557.300000
s	1729194900	19555.300000	1729211880	19509.600000
b	1729213020	19529.600000	1729213500	19530.300000
b	1729213500	19530.300000	1729213860	19527.300000
b	1729214220	19530.300000	1729214580	19525.600000
b	1729216860	19540.300000	1729217040	19533.600000
b	1729218300	19525.600000	1729218420	19518.600000
s	1729218420	19518.600000	1729218600	19529.600000
s	1729218600	19529.600000	1729219380	19535.300000
b	1729219680	19539.600000	1729219740	19532.300000
s	1729220940	19529.300000	1729221780	19521.300000
s	1729222500	19516.600000	1729223400	19510.600000
b	1729223400	19510.600000	1729223520	19508.100000
s	1729223520	19508.100000	1729224360	19510.600000
s	1729224360	19510.600000	1729224900	19507.600000
b	1729225080	19511.600000	1729225740	19512.600000
b	1729226340	19514.600000	1729227120	19517.600000
b	1729227120	19517.600000	1729227300	19515.600000
s	1729227300	19515.600000	1729227600	19519.600000
s	1729227600	19519.600000	1729228020	19516.600000
b	1729229040	19524.600000	1729229400	19528.600000
b	1729230480	19540.600000	1729230720	19546.600000
s	1729230720	19546.600000	1729231680	19553.600000
b	1729231680	19553.600000	1729233120	19554.400000
s	1729233120	19554.400000	1729233240	19545.400000
s	1729233480	19555.400000	1729233840	19549.400000
b	1729234860	19554.400000	1729235460	19574.200000
s	1729235460	19574.200000	1729236300	19576.400000
s	1729236300	19576.400000	1729238520	19615.400000
s	1729238520	19615.400000	1729238880	19626.400000
s	1729238880	19626.400000	1729239540	19617.200000
s	1729239720	19628.400000	1729240260	19624.200000
b	1729240260	19624.200000	1729240980	19623.400000
s	1729240980	19623.400000	1729241640	19624.400000
s	1729241640	19624.400000	1729242300	19623.400000
s	1729242300	19623.400000	1729243020	19619.400000
b	1729243260	19629.400000	1729243560	19620.400000
b	1729244520	19610.400000	1729244940	19616.400000
b	1729246980	19606.400000	1729247820	19602.400000
s	1729247820	19602.400000	1729248060	19608.400000
s	1729248060	19608.400000	1729248420	19601.400000
s	1729248420	19601.400000	1729249020	19604.400000
b	1729249020	19604.400000	1729251660	19645.400000
b	1729251660	19645.400000	1729252500	19647.400000
s	1729252500	19647.400000	1729253160	19646.400000
s	1729253340	19653.400000	1729254420	19653.400000
b	1729254420	19653.400000	1729255380	19645.400000
s	1729256640	19634.400000	1729257540	19640.400000
b	1729257540	19640.400000	1729258080	19640.400000
b	1729258080	19640.400000	1729258140	19630.400000
b	1729258140	19630.400000	1729258740	19616.400000
b	1729260780	19614.400000	1729261140	19628.400000
b	1729261140	19628.400000	1729262160	19636.400000
b	1729262160	19636.400000	1729262400	19647.400000
b	1729262400	19647.400000	1729264380	19655.400000
s	1729264380	19655.400000	1729265340	19655.400000
b	1729265340	19655.400000	1729265700	19648.400000
b	1729269720	19652.400000	1729270740	19654.400000
b	1729270740	19654.400000	1729271220	19658.400000
s	1729271220	19658.400000	1729271700	19657.400000
b	1729271700	19657.400000	1729272300	19657.400000
s	1729272300	19657.400000	1729272420	19654.400000
s	1729272420	19654.400000	1729272600	19658.400000
s	1729274640	19653.400000	1729275600	19656.400000
s	1729275600	19656.400000	1729275900	19659.400000
s	1729275900	19659.400000	1729276260	19656.400000
b	1729276920	19654.400000	1729277100	19652.400000
s	1729277100	19652.400000	1729278840	19645.400000
b	1729278840	19645.400000	1729279080	19643.400000
s	1729279080	19643.400000	1729280820	19636.400000
b	1729280820	19636.400000	1729281000	19632.400000
s	1729281000	19632.400000	1729470600	19651.300000
s	1729470600	19651.300000	1729471140	19649.300000
b	1729471320	19654.300000	1729472040	19652.000000
s	1729472160	19656.300000	1729472220	19651.300000
b	1729473660	19657.300000	1729474140	19655.000000
b	1729474140	19655.000000	1729474320	19658.300000
b	1729474320	19658.300000	1729474680	19653.000000
b	1729474680	19653.000000	1729474980	19657.300000
s	1729474980	19657.300000	1729475580	19654.000000
b	1729475580	19654.000000	1729476780	19649.300000
b	1729477620	19648.300000	1729478100	19646.300000
b	1729479900	19639.300000	1729480500	19639.300000
b	1729480500	19639.300000	1729480980	19639.300000
b	1729481160	19639.300000	1729481940	19639.300000
s	1729486140	19628.800000	1729486200	19622.300000
b	1729486200	19622.300000	1729486740	19626.300000
s	1729486740	19626.300000	1729486920	19620.300000
b	1729488060	19621.300000	1729488300	19613.800000
s	1729489080	19612.300000	1729490280	19610.300000
b	1729490520	19615.600000	1729491360	19618.600000
s	1729491360	19618.600000	1729491480	19627.200000
s	1729491960	19622.200000	1729492980	19615.600000
b	1729492980	19615.600000	1729493220	19608.600000
b	1729493220	19608.600000	1729493340	19615.600000
s	1729494240	19618.600000	1729494600	19604.600000
b	1729494600	19604.600000	1729494900	19619.600000
b	1729494900	19619.600000	1729495140	19603.600000
b	1729495140	19603.600000	1729495260	19619.600000
s	1729495260	19619.600000	1729495620	19606.600000
b	1729495620	19606.600000	1729495920	19625.600000
b	1729497240	19636.600000	1729498860	19620.600000
b	1729499100	19609.600000	1729499520	19612.600000
b	1729500720	19610.600000	1729501020	19603.600000
b	1729501500	19606.600000	1729501740	19598.600000
b	1729504380	19564.600000	1729505100	19562.600000
b	1729505100	19562.600000	1729505220	19552.600000
b	1729505520	19552.600000	1729506300	19549.600000
s	1729506720	19542.600000	1729508220	19510.600000
b	1729508220	19510.600000	1729508400	19496.600000
s	1729508400	19496.600000	1729508880	19501.600000
b	1729508880	19501.600000	1729509180	19492.600000
b	1729509180	19492.600000	1729510140	19474.600000
b	1729512300	19488.600000	1729513380	19503.600000
s	1729513380	19503.600000	1729514100	19510.600000
b	1729516260	19525.600000	1729516560	19531.600000
b	1729516560	19531.600000	1729517220	19530.600000
s	1729517220	19530.600000	1729517340	19539.600000
b	1729517340	19539.600000	1729517700	19534.600000
b	1729517700	19534.600000	1729518600	19529.600000
s	1729519560	19542.600000	1729521480	19520.600000
s	1729521480	19520.600000	1729521600	19509.600000
b	1729521600	19509.600000	1729524900	19460.600000
s	1729527060	19488.600000	1729527840	19479.600000
b	1729528680	19484.600000	1729529100	19488.600000
b	1729529100	19488.600000	1729530180	19494.600000
b	1729530180	19494.600000	1729530480	19498.600000
b	1729530480	19498.600000	1729531080	19498.600000
s	1729531080	19498.600000	1729531500	19499.600000
b	1729531500	19499.600000	1729531560	19493.600000
s	1729531980	19495.600000	1729533960	19503.600000
b	1729533960	19503.600000	1729534500	19503.600000
b	1729535640	19500.600000	1729536060	19497.600000
s	1729536060	19497.600000	1729536660	19492.600000
s	1729536840	19488.600000	1729536960	19492.600000
b	1729536960	19492.600000	1729537140	19488.600000
s	1729537200	19493.600000	1729538460	19503.600000
b	1729538460	19503.600000	1729539660	19494.600000
b	1729540020	19491.600000	1729540080	19495.600000
b	1729540560	19494.600000	1729557000	19544.300000
b	1729557420	19540.300000	1729557780	19545.200000
s	1729559520	19514.200000	1729559880	19518.900000
s	1729562040	19527.900000	1729563000	19529.900000
b	1729563000	19529.900000	1729563180	19533.900000
s	1729563180	19533.900000	1729563420	19529.200000
b	1729563420	19529.200000	1729564740	19527.900000
b	1729564740	19527.900000	1729565040	19524.900000
s	1729565040	19524.900000	1729566000	19518.200000
b	1729566000	19518.200000	1729566840	19523.200000
b	1729567140	19528.200000	1729568220	19534.200000
s	1729569600	19533.200000	1729569780	19527.200000
s	1729569780	19527.200000	1729570260	19528.200000
s	1729570260	19528.200000	1729571220	19542.200000
s	1729571220	19542.200000	1729571880	19542.200000
b	1729571880	19542.200000	1729572180	19538.200000
b	1729572180	19538.200000	1729572600	19540.200000
b	1729572600	19540.200000	1729572660	19535.200000
s	1729572660	19535.200000	1729573440	19534.200000
b	1729574280	19530.200000	1729575120	19544.200000
s	1729575120	19544.200000	1729575360	19555.200000
b	1729575360	19555.200000	1729575780	19550.200000
b	1729575780	19550.200000	1729576800	19549.200000
b	1729576800	19549.200000	1729577100	19539.900000
s	1729577100	19539.900000	1729578000	19531.500000
s	1729578360	19523.100000	1729578420	19532.500000
b	1729578420	19532.500000	1729578660	19522.100000
s	1729578840	19534.500000	1729579260	19528.500000
b	1729579260	19528.500000	1729579800	19524.500000
s	1729579800	19524.500000	1729580460	19530.100000
b	1729580460	19530.100000	1729581000	19543.500000
s	1729581000	19543.500000	1729581660	19548.500000
b	1729581660	19548.500000	1729581900	19562.300000
b	1729582320	19553.500000	1729582560	19567.500000
b	1729582560	19567.500000	1729583220	19568.500000
b	1729583220	19568.500000	1729584480	19557.500000
s	1729585680	19549.500000	1729586700	19530.500000
s	1729586700	19530.500000	1729587120	19524.500000
s	1729587120	19524.500000	1729587960	19506.500000
s	1729587960	19506.500000	1729588380	19500.500000
s	1729590120	19430.300000	1729590720	19418.300000
b	1729590720	19418.300000	1729591380	19423.300000
b	1729591980	19418.500000	1729592700	19410.500000
s	1729594260	19382.500000	1729594680	19383.500000
b	1729594920	19374.300000	1729594980	19386.500000
b	1729594980	19386.500000	1729597500	19442.500000
b	1729597500	19442.500000	1729598100	19440.500000
b	1729598100	19440.500000	1729598340	19427.500000
s	1729598700	19447.500000	1729599120	19443.500000
s	1729599120	19443.500000	1729599540	19449.500000
s	1729599540	19449.500000	1729600080	19442.500000
s	1729601400	19415.500000	1729602540	19419.500000
s	1729602540	19419.500000	1729602660	19432.500000
s	1729604220	19436.500000	1729604700	19451.500000
b	1729604700	19451.500000	1729605180	19441.500000
s	1729605180	19441.500000	1729605960	19454.500000
s	1729605960	19454.500000	1729606740	19452.500000
b	1729608660	19449.500000	1729609380	19450.500000
s	1729610160	19445.500000	1729610580	19441.500000
b	1729612500	19442.500000	1729612680	19438.500000
b	1729612680	19438.500000	1729613820	19423.500000
s	1729614720	19421.500000	1729615020	19413.500000
s	1729615020	19413.500000	1729615620	19412.500000
s	1729615620	19412.500000	1729616760	19425.500000
b	1729617240	19430.500000	1729617840	19427.500000
b	1729617840	19427.500000	1729617960	19430.500000
s	1729617960	19430.500000	1729618080	19427.500000
s	1729618080	19427.500000	1729618200	19430.500000
s	1729618200	19430.500000	1729620540	19465.500000
b	1729621260	19460.000000	1729621920	19459.000000
b	1729621920	19459.000000	1729622760	19456.000000
s	1729622880	19451.000000	1729623300	19454.000000
s	1729623900	19456.000000	1729624980	19460.000000
s	1729624980	19460.000000	1729625100	19464.000000
b	1729625940	19465.000000	1729626360	19468.000000
b	1729626360	19468.000000	1729626660	19465.000000
b	1729626660	19465.000000	1729645380	19425.800000
b	1729646700	19428.800000	1729647180	19427.800000
b	1729647180	19427.800000	1729648440	19435.800000
s	1729648800	19441.800000	1729649100	19436.300000
b	1729649100	19436.300000	1729649340	19441.800000
b	1729650540	19450.500000	1729650900	19455.800000
b	1729650900	19455.800000	1729651680	19455.800000
b	1729651680	19455.800000	1729651860	19458.800000
b	1729651860	19458.800000	1729651980	19453.500000
b	1729653000	19459.800000	1729654740	19443.800000
s	1729654740	19443.800000	1729656000	19445.800000
b	1729656000	19445.800000	1729656120	19449.800000
b	1729656120	19449.800000	1729656300	19442.800000
b	1729656840	19442.800000	1729658880	19457.800000
b	1729658880	19457.800000	1729659900	19459.800000
b	1729660020	19456.800000	1729660560	19462.800000
b	1729661160	19461.800000	1729661460	19467.800000
b	1729665660	19422.100000	1729666020	19418.100000
s	1729666020	19418.100000	1729666980	19410.100000
b	1729668300	19438.600000	1729668480	19453.600000
s	1729668480	19453.600000	1729669020	19428.800000
b	1729669020	19428.800000	1729670640	19404.100000
b	1729671240	19408.100000	1729671420	19422.100000
b	1729671420	19422.100000	1729671600	19407.900000
b	1729671600	19407.900000	1729672080	19416.100000
s	1729673760	19387.100000	1729673940	19396.100000
b	1729673940	19396.100000	1729675320	19429.100000
b	1729676220	19433.100000	1729676880	19428.100000
s	1729676880	19428.100000	1729677600	19433.100000
s	1729678260	19427.100000	1729678380	19413.100000
s	1729678380	19413.100000	1729680000	19379.100000
s	1729680060	19365.100000	1729681080	19348.100000
b	1729681080	19348.100000	1729682640	19389.100000
b	1729682640	19389.100000	1729683180	19384.100000
s	1729683180	19384.100000	1729684800	19400.100000
s	1729685700	19397.100000	1729686720	19394.100000
s	1729687500	19391.100000	1729687800	19380.100000
b	1729690260	19404.100000	1729690320	19386.100000
b	1729690320	19386.100000	1729690440	19406.100000
b	1729691520	19424.100000	1729692180	19437.100000
s	1729692180	19437.100000	1729692360	19423.900000
b	1729693500	19424.100000	1729694340	19446.100000
s	1729694340	19446.100000	1729694580	19457.100000
b	1729694580	19457.100000	1729695120	19455.100000
b	1729695120	19455.100000	1729695600	19454.100000
b	1729695600	19454.100000	1729695780	19444.100000
s	1729695780	19444.100000	1729696860	19398.100000
s	1729696860	19398.100000	1729697220	19388.100000
s	1729697220	19388.100000	1729697880	19389.100000
b	1729697880	19389.100000	1729698960	19408.100000
b	1729698960	19408.100000	1729699080	19415.100000
b	1729701300	19390.100000	1729702320	19395.100000
b	1729702320	19395.100000	1729704000	19362.100000
s	1729704060	19355.100000	1729704480	19360.100000
s	1729704480	19360.100000	1729704720	19352.100000
s	1729707780	19314.100000	1729709580	19353.100000
s	1729709580	19353.100000	1729709940	19356.100000
b	1729710300	19350.100000	1729710900	19339.100000
b	1729711500	19340.100000	1729711620	19348.100000
s	1729712580	19351.100000	1729712820	19346.100000
b	1729731720	19382.500000	1729732500	19386.800000
s	1729732500	19386.800000	1729732680	19381.300000
s	1729732740	19387.800000	1729732860	19381.300000
b	1729733100	19388.800000	1729733940	19396.800000
b	1729733940	19396.800000	1729734720	19388.800000
b	1729735080	19385.800000	1729735800	19386.800000
s	1729737000	19393.800000	1729737300	19399.800000
b	1729738680	19394.800000	1729738860	19397.800000
b	1729738860	19397.800000	1729739280	19393.500000
b	1729739280	19393.500000	1729739820	19394.800000
b	1729740660	19395.800000	1729741260	19396.800000
s	1729741500	19390.800000	1729741560	19396.800000
b	1729742940	19376.800000	1729743180	19371.800000
s	1729743180	19371.800000	1729743960	19375.800000
b	1729743960	19375.800000	1729744320	19372.800000
s	1729746120	19362.500000	1729746900	19362.800000
b	1729746900	19362.800000	1729747500	19361.800000
b	1729747500	19361.800000	1729748040	19359.800000
b	1729748940	19358.800000	1729749420	19358.800000
b	1729749600	19366.800000	1729750440	19397.700000
s	1729752120	19426.700000	1729752660	19424.100000
b	1729752660	19424.100000	1729752900	19415.100000
b	1729754580	19457.100000	1729755000	19473.100000
b	1729755000	19473.100000	1729755540	19470.900000
b	1729755540	19470.900000	1729755900	19486.100000
b	1729755900	19486.100000	1729756920	19492.900000
b	1729756920	19492.900000	1729757460	19490.100000
s	1729757460	19490.100000	1729759140	19536.100000
s	1729760820	19500.100000	1729762200	19499.100000
s	1729763640	19481.100000	1729764060	19470.100000
b	1729765140	19482.100000	1729766760	19500.100000
b	1729766760	19500.100000	1729767000	19505.100000
b	1729767000	19505.100000	1729767120	19498.100000
s	1729767120	19498.100000	1729767600	19504.100000
b	1729767600	19504.100000	1729768560	19517.100000
b	1729768560	19517.100000	1729768920	19522.100000
s	1729768920	19522.100000	1729769340	19517.100000
s	1729769880	19523.100000	1729771140	19540.100000
b	1729771140	19540.100000	1729772040	19524.100000
s	1729772340	19513.900000	1729772580	19529.100000
s	1729772580	19529.100000	1729772880	19517.100000
b	1729772880	19517.100000	1729774500	19501.100000
b	1729777140	19533.100000	1729777500	19517.300000
b	1729777500	19517.300000	1729777980	19514.100000
b	1729778460	19517.900000	1729779840	19494.100000
s	1729780260	19482.900000	1729781880	19463.100000
b	1729781880	19463.100000	1729782300	19456.100000
s	1729782300	19456.100000	1729782780	19463.100000
b	1729782780	19463.100000	1729783320	19462.100000
b	1729783320	19462.100000	1729785300	19432.100000
s	1729786980	19404.100000	1729790220	19440.100000
s	1729790460	19444.100000	1729790760	19439.100000
b	1729791060	19439.100000	1729791600	19439.100000
b	1729793100	19424.100000	1729793460	19421.100000
s	1729793460	19421.100000	1729793580	19427.100000
b	1729793580	19427.100000	1729794300	19430.100000
s	1729796460	19420.100000	1729796880	19424.100000
s	1729798560	19436.100000	1729799100	19433.100000
b	1729799100	19433.100000	1729799820	19434.100000
s	1729799820	19434.100000	1729816680	19430.900000
s	1729816680	19430.900000	1729818540	19442.900000
b	1729819440	19444.600000	1729820100	19447.900000
b	1729820100	19447.900000	1729820280	19442.900000
s	1729820280	19442.900000	1729820400	19448.600000
s	1729820580	19442.900000	1729821480	19441.900000
s	1729821600	19438.900000	1729822140	19436.900000
s	1729822140	19436.900000	1729823100	19442.400000
b	1729823100	19442.400000	1729824360	19438.900000
b	1729824360	19438.900000	1729825020	19442.600000
b	1729826940	19424.900000	1729827000	19426.900000
b	1729828620	19413.900000	1729829520	19410.900000
s	1729829520	19410.900000	1729830060	19408.900000
s	1729830060	19408.900000	1729830420	19410.900000
s	1729830420	19410.900000	1729830720	19403.900000
s	1729832340	19402.900000	1729833300	19364.900000
s	1729833300	19364.900000	1729833780	19365.900000
s	1729833780	19365.900000	1729834080	19371.900000
b	1729834080	19371.900000	1729836060	19398.900000
b	1729837620	19425.800000	1729839480	19411.200000
b	1729839480	19411.200000	1729840320	19423.200000
s	1729840860	19414.200000	1729841160	19393.200000
b	1729842840	19421.200000	1729843500	19422.200000
b	1729843500	19422.200000	1729844400	19417.200000
b	1729844400	19417.200000	1729844880	19403.200000
s	1729844880	19403.200000	1729845000	19416.200000
s	1729845000	19416.200000	1729845660	19417.200000
b	1729845840	19430.200000	1729846320	19426.000000
b	1729846440	19433.200000	1729848720	19502.200000
b	1729848720	19502.200000	1729849380	19494.200000
b	1729849380	19494.200000	1729849500	19487.200000
s	1729849800	19495.200000	1729850040	19483.200000
b	1729850040	19483.200000	1729850520	19483.200000
s	1729851240	19477.200000	1729852020	19474.200000
b	1729852020	19474.200000	1729852620	19468.200000
s	1729854420	19430.200000	1729855140	19430.200000
b	1729855140	19430.200000	1729855440	19438.200000
s	1729856460	19443.200000	1729856940	19445.200000
b	1729859040	19455.200000	1729860000	19453.200000
s	1729860000	19453.200000	1729860720	19459.200000
s	1729860720	19459.200000	1729861140	19457.200000
b	1729861800	19460.200000	1729862700	19472.200000
b	1729862700	19472.200000	1729862820	19481.200000
s	1729863180	19476.200000	1729864200	19459.200000
b	1729864200	19459.200000	1729864500	19448.200000
b	1729864500	19448.200000	1729864920	19459.200000
s	1729866120	19498.200000	1729866720	19506.200000
s	1729866720	19506.200000	1729867200	19511.200000
b	1729867200	19511.200000	1729867380	19502.200000
s	1729868040	19489.200000	1729868940	19480.200000
s	1729870320	19457.200000	1729870800	19453.200000
s	1729870800	19453.200000	1729871100	19463.200000
b	1729871100	19463.200000	1729871520	19460.200000
s	1729871940	19463.200000	1729872240	19456.200000
b	1729872240	19456.200000	1729872540	19461.200000
b	1729873020	19462.200000	1729873140	19470.200000
b	1729873860	19479.200000	1729874640	19483.200000
s	1729878480	19412.200000	1729878900	19408.200000
s	1729878900	19408.200000	1729879980	19400.200000
s	1729879980	19400.200000	1729881780	19417.200000
s	1729881960	19426.200000	1729882380	19423.200000
b	1729882380	19423.200000	1729883880	19418.200000
b	1729883880	19418.200000	1729884180	19409.000000
s	1729884180	19409.000000	1729884600	19411.200000
b	1729884600	19411.200000	1729884720	19404.200000
b	1729885200	19403.200000	1729885560	19410.200000
b	1730079420	19503.000000	1730080800	19497.700000
s	1730080800	19497.700000	1730081400	19506.000000
b	1730081880	19509.700000	1730082240	19508.000000
b	1730082240	19508.000000	1730082960	19504.000000
b	1730085180	19498.700000	1730085540	19493.000000
b	1730087400	19479.000000	1730088000	19481.000000
b	1730088000	19481.000000	1730088300	19486.000000
b	1730088300	19486.000000	1730088900	19491.000000
s	1730089560	19491.000000	1730090100	19497.000000
b	1730091660	19518.000000	1730093040	19504.000000
b	1730093460	19501.700000	1730094480	19495.000000
s	1730094480	19495.000000	1730094600	19489.000000
s	1730095500	19488.000000	1730096700	19499.000000
b	1730098440	19535.000000	1730098860	19537.300000
s	1730100420	19573.300000	1730101860	19547.300000
b	1730101860	19547.300000	1730102160	19538.300000
b	1730102160	19538.300000	1730103360	19509.300000
s	1730106060	19565.300000	1730106300	19556.300000
s	1730106600	19570.300000	1730107080	19557.300000
s	1730107080	19557.300000	1730108280	19522.300000
s	1730108280	19522.300000	1730108640	19516.300000
b	1730108640	19516.300000	1730109660	19485.300000
s	1730109660	19485.300000	1730109840	19475.300000
s	1730109840	19475.300000	1730110740	19472.300000
s	1730110740	19472.300000	1730111340	19459.300000
b	1730111520	19479.300000	1730112300	19471.300000
s	1730112300	19471.300000	1730114100	19427.300000
s	1730114100	19427.300000	1730114520	19423.300000
b	1730114520	19423.300000	1730114640	19438.600000
b	1730114640	19438.600000	1730114940	19420.600000
s	1730116200	19419.300000	1730117340	19413.300000
b	1730118540	19414.300000	1730120820	19486.300000
s	1730120820	19486.300000	1730121600	19480.300000
b	1730121600	19480.300000	1730121660	19466.300000
b	1730121660	19466.300000	1730122260	19467.300000
b	1730122260	19467.300000	1730123040	19466.300000
s	1730123040	19466.300000	1730123700	19479.300000
s	1730123700	19479.300000	1730123940	19462.300000
b	1730124540	19459.300000	1730124960	19456.300000
b	1730125320	19466.300000	1730126100	19473.300000
s	1730129520	19544.300000	1730130360	19545.300000
s	1730130360	19545.300000	1730130720	19538.300000
b	1730130720	19538.300000	1730131860	19520.300000
s	1730132580	19526.300000	1730132760	19531.300000
s	1730132760	19531.300000	1730133240	19529.300000
b	1730133300	19536.300000	1730133480	19528.300000
b	1730133480	19528.300000	1730133720	19538.300000
b	1730133720	19538.300000	1730134560	19540.300000
s	1730134800	19545.300000	1730134920	19540.300000
b	1730135280	19545.300000	1730135520	19537.800000
s	1730135520	19537.800000	1730135940	19543.300000
s	1730135940	19543.300000	1730137080	19552.300000
b	1730137080	19552.300000	1730137560	19558.300000
s	1730137560	19558.300000	1730138100	19554.300000
b	1730138760	19558.300000	1730139120	19554.300000
s	1730139120	19554.300000	1730139900	19550.300000
s	1730139900	19550.300000	1730140500	19549.300000
s	1730140500	19549.300000	1730140680	19553.300000
s	1730140680	19553.300000	1730141040	19547.300000
b	1730141400	19550.300000	1730141880	19548.300000
s	1730143080	19540.300000	1730143320	19544.300000
b	1730143800	19542.300000	1730144100	19546.300000
b	1730144280	19541.300000	1730144520	19546.300000
s	1730147940	19534.300000	1730148360	19536.300000
b	1730148360	19536.300000	1730148600	19535.300000
s	1730167740	19515.000000	1730168400	19517.700000
b	1730168460	19523.000000	1730169120	19521.000000
s	1730169120	19521.000000	1730169660	19522.000000
b	1730169660	19522.000000	1730170320	19517.000000
s	1730170320	19517.000000	1730170740	19522.000000
b	1730170740	19522.000000	1730172000	19533.700000
b	1730172660	19531.000000	1730173380	19528.000000
s	1730173380	19528.000000	1730173560	19523.000000
b	1730173560	19523.000000	1730174700	19510.000000
b	1730177400	19524.000000	1730178300	19530.000000
s	1730178300	19530.000000	1730178780	19529.000000
s	1730178780	19529.000000	1730180520	19546.000000
b	1730181300	19546.000000	1730182560	19550.000000
s	1730182560	19550.000000	1730182800	19555.000000
s	1730182800	19555.000000	1730183040	19553.000000
s	1730183040	19553.000000	1730183160	19558.000000
b	1730183160	19558.000000	1730183400	19553.000000
b	1730184600	19568.000000	1730185200	19569.000000
b	1730185200	19569.000000	1730185680	19582.900000
b	1730185680	19582.900000	1730186100	19588.300000
b	1730186100	19588.300000	1730187360	19599.300000
s	1730187360	19599.300000	1730187960	19605.300000
b	1730187960	19605.300000	1730188080	19595.300000
b	1730188680	19604.300000	1730188800	19619.300000
s	1730189460	19634.300000	1730189760	19610.100000
s	1730190540	19597.300000	1730191980	19631.300000
s	1730191980	19631.300000	1730192760	19627.300000
b	1730192760	19627.300000	1730193120	19613.300000
b	1730193120	19613.300000	1730193720	19620.300000
b	1730194920	19624.300000	1730195040	19633.300000
b	1730195160	19624.100000	1730195580	19634.300000
b	1730195580	19634.300000	1730196240	19632.300000
b	1730196240	19632.300000	1730197680	19587.500000
s	1730197680	19587.500000	1730198160	19589.500000
b	1730198160	19589.500000	1730198460	19597.500000
b	1730198460	19597.500000	1730199540	19602.500000
s	1730199840	19613.500000	1730200080	19595.500000
s	1730200740	19580.300000	1730201100	19594.300000
b	1730201640	19592.300000	1730202540	19593.300000
s	1730203740	19571.300000	1730203860	19560.300000
b	1730203860	19560.300000	1730204040	19571.300000
s	1730204040	19571.300000	1730205060	19577.300000
b	1730205060	19577.300000	1730207100	19545.300000
b	1730207100	19545.300000	1730207400	19540.300000
b	1730207400	19540.300000	1730208180	19533.300000
s	1730208180	19533.300000	1730208420	19518.300000
s	1730208420	19518.300000	1730209500	19495.300000
s	1730209500	19495.300000	1730209740	19478.300000
s	1730209740	19478.300000	1730209980	19498.300000
s	1730209980	19498.300000	1730211240	19510.300000
s	1730211780	19519.300000	1730212200	19499.300000
b	1730212200	19499.300000	1730212620	19507.300000
b	1730212620	19507.300000	1730213040	19502.300000
s	1730213040	19502.300000	1730213820	19498.300000
b	1730213820	19498.300000	1730214480	19490.100000
b	1730214960	19493.300000	1730215140	19474.300000
s	1730215740	19483.300000	1730217120	19491.300000
b	1730218020	19492.300000	1730219160	19492.300000
b	1730219160	19492.300000	1730219460	19483.300000
s	1730219460	19483.300000	1730219940	19482.300000
b	1730219940	19482.300000	1730221620	19497.300000
s	1730224140	19475.300000	1730224740	19475.300000
s	1730224740	19475.300000	1730225220	19479.300000
s	1730225220	19479.300000	1730225460	19472.300000
s	1730225940	19475.300000	1730226420	19472.300000
b	1730226420	19472.300000	1730226600	19480.300000
b	1730227500	19488.300000	1730228400	19484.300000
s	1730228400	19484.300000	1730228460	19480.300000
s	1730228460	19480.300000	1730229000	19479.300000
s	1730229000	19479.300000	1730229300	19475.300000
b	1730229300	19475.300000	1730229540	19478.300000
b	1730231220	19477.300000	1730231400	19474.300000
b	1730231400	19474.300000	1730231880	19475.300000
b	1730233620	19488.300000	1730234040	19485.300000
s	1730235480	19487.300000	1730252100	19493.000000
s	1730252100	19493.000000	1730252700	19491.000000
b	1730254680	19479.000000	1730254800	19483.000000
b	1730254800	19483.000000	1730254920	19478.700000
b	1730254920	19478.700000	1730256240	19462.000000
b	1730256240	19462.000000	1730256540	19459.000000
b	1730256660	19464.000000	1730257080	19458.000000
b	1730260380	19426.000000	1730260740	19429.000000
s	1730260740	19429.000000	1730260860	19423.000000
b	1730261400	19426.000000	1730261880	19423.700000
b	1730262660	19420.000000	1730263140	19421.000000
b	1730263140	19421.000000	1730263680	19423.000000
b	1730263800	19418.700000	1730264220	19419.000000
b	1730265000	19414.000000	1730265240	19411.000000
b	1730265300	19416.000000	1730266200	19423.000000
s	1730266200	19423.000000	1730266380	19426.000000
b	1730266560	19421.000000	1730266980	19426.000000
s	1730266980	19426.000000	1730267280	19422.000000
s	1730267280	19422.000000	1730268300	19416.000000
s	1730268300	19416.000000	1730271360	19446.000000
b	1730271360	19446.000000	1730271600	19453.000000
s	1730271600	19453.000000	1730271720	19445.900000
s	1730272500	19433.300000	1730272860	19425.300000
b	1730272860	19425.300000	1730273760	19423.300000
s	1730273760	19423.300000	1730274240	19413.300000
s	1730274900	19423.300000	1730275140	19412.300000
s	1730275500	19420.300000	1730275620	19394.900000
s	1730275620	19394.900000	1730276100	19405.300000
s	1730276100	19405.300000	1730276580	19392.300000
s	1730276700	19410.300000	1730277600	19409.300000
s	1730277600	19409.300000	1730278080	19411.300000
s	1730279220	19387.300000	1730279820	19370.300000
b	1730279940	19387.300000	1730280360	19376.300000
s	1730282340	19371.300000	1730283180	19361.300000
b	1730283840	19356.300000	1730284080	19369.300000
b	1730284080	19369.300000	1730284320	19356.300000
b	1730285100	19338.300000	1730286480	19321.300000
s	1730286480	19321.300000	1730287020	19321.300000
s	1730287020	19321.300000	1730288220	19300.300000
s	1730288220	19300.300000	1730288640	19296.300000
b	1730288640	19296.300000	1730290260	19260.300000
s	1730290680	19255.300000	1730291100	19258.300000
b	1730291100	19258.300000	1730291340	19240.300000
s	1730291640	19250.300000	1730292000	19239.300000
s	1730292000	19239.300000	1730293200	19225.300000
s	1730293200	19225.300000	1730293260	19205.100000
s	1730293800	19217.300000	1730294340	19215.300000
b	1730295780	19241.300000	1730295960	19260.300000
s	1730295960	19260.300000	1730297460	19297.300000
s	1730297460	19297.300000	1730297580	19313.300000
s	1730297580	19313.300000	1730298120	19324.300000
s	1730298120	19324.300000	1730298540	19338.300000
s	1730298540	19338.300000	1730298600	19326.300000
s	1730299260	19308.300000	1730299980	19308.300000
s	1730299980	19308.300000	1730300520	19307.300000
b	1730300520	19307.300000	1730300700	19322.300000
b	1730300700	19322.300000	1730300820	19304.300000
b	1730300820	19304.300000	1730301600	19301.300000
b	1730303400	19295.300000	1730303700	19304.300000
b	1730304360	19298.300000	1730304540	19286.300000
s	1730306340	19264.300000	1730308320	19284.300000
b	1730308320	19284.300000	1730308440	19289.300000
b	1730308440	19289.300000	1730308980	19288.300000
s	1730308980	19288.300000	1730310180	19268.300000
b	1730310180	19268.300000	1730312100	19279.300000
s	1730312100	19279.300000	1730312460	19284.300000
b	1730312460	19284.300000	1730312880	19279.300000
s	1730313900	19274.300000	1730314680	19275.300000
b	1730315400	19271.300000	1730315880	19269.300000
b	1730316420	19271.300000	1730316780	19267.300000
b	1730316780	19267.300000	1730317320	19266.300000
b	1730317560	19258.300000	1730317800	19266.300000
b	1730317800	19266.300000	1730318100	19257.300000
b	1730318100	19257.300000	1730318880	19260.300000
b	1730319240	19253.300000	1730319960	19256.300000
b	1730319960	19256.300000	1730320560	19255.300000
s	1730320560	19255.300000	1730321280	19253.300000
b	1730321280	19253.300000	1730321580	19251.300000
s	1730321580	19251.300000	1730339160	19214.100000
s	1730339340	19208.100000	1730340120	19205.100000
b	1730340120	19205.100000	1730340360	19201.100000
s	1730340360	19201.100000	1730341860	19195.100000
s	1730341860	19195.100000	1730342580	19196.100000
s	1730343960	19188.800000	1730344740	19190.800000
s	1730344740	19190.800000	1730345100	19187.100000
b	1730345100	19187.100000	1730345340	19191.100000
b	1730345340	19191.100000	1730346180	19198.100000
s	1730346180	19198.100000	1730347140	19192.100000
s	1730347440	19187.100000	1730347920	19189.100000
s	1730347920	19189.100000	1730348820	19189.100000
s	1730349360	19190.100000	1730349480	19186.100000
b	1730349480	19186.100000	1730350320	19179.100000
b	1730351880	19183.100000	1730352120	19187.100000
b	1730352120	19187.100000	1730353320	19189.800000
b	1730353860	19187.100000	1730354160	19181.100000
s	1730354160	19181.100000	1730354400	19192.100000
b	1730354400	19192.100000	1730354880	19187.100000
b	1730355480	19183.100000	1730356140	19188.100000
b	1730356140	19188.100000	1730356500	19191.100000
s	1730356500	19191.100000	1730356800	19190.100000
b	1730358720	19155.000000	1730359500	19149.000000
s	1730359500	19149.000000	1730360760	19151.400000
s	1730360760	19151.400000	1730361420	19135.400000
b	1730361420	19135.400000	1730361480	19127.400000
s	1730361480	19127.400000	1730362080	19112.400000
s	1730362080	19112.400000	1730363520	19146.400000
s	1730363520	19146.400000	1730363940	19161.400000
b	1730363940	19161.400000	1730364240	19142.600000
b	1730364240	19142.600000	1730364420	19161.400000
s	1730365080	19162.100000	1730365980	19156.400000
b	1730365980	19156.400000	1730366280	19144.400000
b	1730366280	19144.400000	1730367240	19143.400000
s	1730368080	19144.400000	1730368380	19148.400000
s	1730370840	19158.400000	1730371320	19150.400000
b	1730371320	19150.400000	1730372880	19165.400000
b	1730376720	19174.200000	1730377020	19162.200000
s	1730378520	19161.400000	1730378580	19174.400000
b	1730378580	19174.400000	1730379360	19161.400000
s	1730381220	19182.400000	1730381400	19170.400000
b	1730381400	19170.400000	1730383020	19135.400000
s	1730384700	19074.400000	1730386560	19019.400000
s	1730386560	19019.400000	1730387700	19023.400000
s	1730387700	19023.400000	1730387940	19032.400000
b	1730387940	19032.400000	1730388300	19025.400000
b	1730388960	19038.400000	1730389680	19032.400000
b	1730389680	19032.400000	1730390340	19027.400000
s	1730390340	19027.400000	1730391660	19055.400000
s	1730395200	19107.400000	1730395560	19102.400000
b	1730397000	19086.400000	1730397660	19078.400000
s	1730397660	19078.400000	1730398260	19079.400000
s	1730400240	19074.400000	1730401860	19083.400000
s	1730401860	19083.400000	1730402340	19090.400000
s	1730402340	19090.400000	1730402880	19092.400000
b	1730402880	19092.400000	1730403660	19084.400000
b	1730403660	19084.400000	1730404320	19085.400000
s	1730404320	19085.400000	1730404860	19089.400000
s	1730404860	19089.400000	1730405040	19074.400000
b	1730406240	19079.400000	1730406600	19073.400000
s	1730406600	19073.400000	1730406660	19090.400000
b	1730406660	19090.400000	1730406840	19073.400000
b	1730406840	19073.400000	1730407320	19076.400000
s	1730407320	19076.400000	1730407920	19075.400000
s	1730425560	19072.300000	1730426220	19069.600000
s	1730426220	19069.600000	1730426580	19063.600000
b	1730426580	19063.600000	1730427540	19057.600000
b	1730427540	19057.600000	1730428320	19066.300000
b	1730430060	19073.300000	1730430420	19074.300000
s	1730430420	19074.300000	1730431020	19075.600000
b	1730431200	19081.600000	1730431620	19075.600000
s	1730431980	19080.600000	1730433420	19083.600000
b	1730433420	19083.600000	1730433840	19084.100000
s	1730433840	19084.100000	1730434140	19079.600000
b	1730434440	19079.600000	1730435820	19075.600000
s	1730436120	19072.600000	1730437200	19071.600000
s	1730437200	19071.600000	1730437380	19067.600000
s	1730437380	19067.600000	1730437560	19072.600000
s	1730437560	19072.600000	1730437920	19066.600000
b	1730438220	19071.600000	1730438700	19070.600000
s	1730438700	19070.600000	1730438940	19075.600000
s	1730440500	19066.300000	1730441760	19065.600000
b	1730442660	19061.600000	1730443800	19064.600000
s	1730444940	19065.500000	1730445300	19072.900000
s	1730446860	19072.900000	1730447940	19080.600000
b	1730449740	19138.100000	1730450460	19129.100000
s	1730450460	19129.100000	1730451180	19143.100000
b	1730451180	19143.100000	1730451300	19126.100000
s	1730451300	19126.100000	1730451720	19139.100000
b	1730453700	19163.100000	1730454060	19154.100000
b	1730454060	19154.100000	1730454420	19163.100000
b	1730454420	19163.100000	1730454960	19156.100000
s	1730454960	19156.100000	1730455200	19164.100000
s	1730455200	19164.100000	1730455980	19164.100000
b	1730456700	19168.100000	1730456940	19160.100000
s	1730457540	19155.100000	1730458020	19159.100000
b	1730459520	19175.100000	1730459820	19182.100000
s	1730459820	19182.100000	1730460480	19181.100000
s	1730460480	19181.100000	1730460660	19191.100000
s	1730460660	19191.100000	1730461200	19190.100000
b	1730461920	19194.100000	1730462460	19195.100000
s	1730463720	19186.100000	1730464140	19181.100000
s	1730464140	19181.100000	1730464320	19191.100000
b	1730464320	19191.100000	1730464740	19173.100000
b	1730464860	19187.100000	1730465280	19179.100000
b	1730465280	19179.100000	1730465460	19193.100000
b	1730466240	19195.100000	1730466420	19206.100000
s	1730467800	19213.100000	1730467920	19225.100000
b	1730467920	19225.100000	1730468640	19216.100000
b	1730468640	19216.100000	1730469180	19224.100000
s	1730469360	19213.100000	1730469720	19221.100000
b	1730469720	19221.100000	1730471100	19224.100000
b	1730471100	19224.100000	1730471340	19235.100000
b	1730472120	19237.100000	1730472540	19241.100000
s	1730474760	19287.900000	1730475240	19284.900000
s	1730476860	19285.900000	1730477460	19281.900000
b	1730479140	19259.900000	1730479260	19250.900000
s	1730479260	19250.900000	1730481180	19234.900000
b	1730481180	19234.900000	1730482260	19245.900000
s	1730483340	19227.900000	1730483820	19223.900000
s	1730483820	19223.900000	1730484240	19229.900000
b	1730484240	19229.900000	1730484480	19218.900000
b	1730484480	19218.900000	1730485080	19217.900000
s	1730485080	19217.900000	1730485200	19209.900000
b	1730485200	19209.900000	1730485440	19220.900000
s	1730485440	19220.900000	1730485800	19214.900000
b	1730486940	19221.900000	1730487180	19231.900000
s	1730487180	19231.900000	1730487600	19227.900000
b	1730487600	19227.900000	1730487960	19234.900000
s	1730487960	19234.900000	1730488560	19233.900000
b	1730488560	19233.900000	1730490060	19223.900000
s	1730490480	19221.900000	1730490900	19223.900000
s	1730490900	19223.900000	1730492220	19223.900000
b	1730492220	19223.900000	1730492940	19224.900000
b	1730492940	19224.900000	1730493480	19221.900000
b	1730493960	19224.900000	1730494140	19223.900000
b	1730680200	19233.200000	1730680680	19232.500000
b	1730680680	19232.500000	1730681220	19231.500000
s	1730681220	19231.500000	1730681700	19231.500000
b	1730681700	19231.500000	1730681760	19239.500000
s	1730681760	19239.500000	1730682240	19235.500000
b	1730683080	19240.500000	1730684580	19255.500000
b	1730684580	19255.500000	1730685600	19255.500000
b	1730685600	19255.500000	1730685660	19249.500000
b	1730685660	19249.500000	1730685720	19255.500000
b	1730686920	19257.500000	1730686980	19263.500000
b	1730689200	19265.500000	1730690040	19261.500000
s	1730690160	19256.500000	1730690820	19260.500000
s	1730690820	19260.500000	1730692320	19266.500000
b	1730692920	19267.500000	1730693160	19256.500000
b	1730693160	19256.500000	1730693640	19255.500000
s	1730693640	19255.500000	1730693880	19251.500000
s	1730693880	19251.500000	1730694540	19255.500000
s	1730694540	19255.500000	1730695560	19254.500000
s	1730695920	19257.500000	1730697000	19271.500000
b	1730697000	19271.500000	1730697060	19278.500000
s	1730697600	19272.500000	1730697960	19278.500000
s	1730698140	19274.500000	1730698920	19273.500000
s	1730699460	19273.500000	1730699700	19280.500000
b	1730699820	19270.500000	1730700000	19280.500000
b	1730701140	19280.400000	1730701500	19284.800000
s	1730701500	19284.800000	1730701920	19281.800000
s	1730704620	19244.800000	1730705520	19238.800000
b	1730706720	19230.800000	1730707260	19218.800000
s	1730707260	19218.800000	1730707380	19236.800000
s	1730707380	19236.800000	1730708040	19233.800000
s	1730708040	19233.800000	1730708880	19236.800000
b	1730708880	19236.800000	1730709420	19238.800000
s	1730709540	19250.800000	1730710380	19260.800000
s	1730711460	19276.800000	1730712120	19275.800000
b	1730712120	19275.800000	1730712660	19265.800000
b	1730713260	19268.800000	1730713920	19276.800000
b	1730715000	19270.800000	1730716920	19257.800000
b	1730716920	19257.800000	1730717640	19258.800000
s	1730717640	19258.800000	1730718480	19254.300000
b	1730718480	19254.300000	1730719140	19248.300000
b	1730719140	19248.300000	1730720160	19239.300000
b	1730720160	19239.300000	1730720460	19234.300000
s	1730720460	19234.300000	1730720820	19242.300000
b	1730720820	19242.300000	1730722080	19246.300000
b	1730722800	19238.300000	1730723040	19222.300000
s	1730723040	19222.300000	1730723520	19226.300000
b	1730725080	19195.300000	1730725440	19188.300000
s	1730725440	19188.300000	1730725560	19198.300000
b	1730725560	19198.300000	1730725980	19194.300000
b	1730726340	19199.300000	1730726400	19187.300000
s	1730726820	19194.300000	1730727180	19183.300000
b	1730728560	19183.300000	1730730900	19206.300000
s	1730730900	19206.300000	1730731440	19211.300000
b	1730731560	19197.300000	1730731740	19214.300000
s	1730731740	19214.300000	1730732100	19204.300000
b	1730732100	19204.300000	1730733000	19178.300000
b	1730733000	19178.300000	1730733540	19178.300000
b	1730733540	19178.300000	1730736720	19111.300000
s	1730736720	19111.300000	1730737920	19130.300000
s	1730737920	19130.300000	1730738400	19136.300000
b	1730738400	19136.300000	1730739600	19144.300000
b	1730740320	19141.300000	1730740800	19137.300000
s	1730741340	19139.300000	1730741700	19145.300000
s	1730743620	19151.300000	1730744040	19149.300000
b	1730744160	19149.300000	1730745120	19148.300000
b	1730746260	19151.300000	1730746440	19146.300000
b	1730746440	19146.300000	1730746680	19152.300000
b	1730746800	19146.300000	1730747340	19150.300000
b	1730747340	19150.300000	1730747400	19147.300000
s	1730747400	19147.300000	1730749260	19132.300000
b	1730749260	19132.300000	1730749800	19127.300000
s	1730749800	19127.300000	1730750040	19132.300000
b	1730767200	19125.000000	1730768400	19152.500000
b	1730772660	19143.500000	1730772840	19148.000000
b	1730772840	19148.000000	1730773080	19143.000000
b	1730773080	19143.000000	1730773500	19148.000000
s	1730774040	19147.000000	1730774880	19150.000000
s	1730774880	19150.000000	1730775180	19146.000000
b	1730777580	19156.000000	1730778960	19148.000000
b	1730778960	19148.000000	1730779080	19144.000000
b	1730779080	19144.000000	1730779260	19148.000000
b	1730781840	19169.000000	1730782020	19165.000000
b	1730783040	19165.000000	1730783220	19169.000000
b	1730783220	19169.000000	1730784300	19175.000000
b	1730784300	19175.000000	1730784600	19180.000000
s	1730784600	19180.000000	1730785500	19185.000000
s	1730786880	19181.900000	1730787780	19186.300000
b	1730789040	19176.300000	1730789400	19170.300000
b	1730789400	19170.300000	1730789520	19179.300000
s	1730789520	19179.300000	1730789940	19176.300000
b	1730789940	19176.300000	1730791560	19123.300000
b	1730794980	19194.300000	1730795400	19203.300000
s	1730795400	19203.300000	1730796300	19209.300000
s	1730796300	19209.300000	1730796840	19208.300000
b	1730796840	19208.300000	1730797200	19201.300000
s	1730798580	19167.300000	1730799240	19163.300000
s	1730799240	19163.300000	1730799960	19163.300000
b	1730799960	19163.300000	1730801520	19176.300000
s	1730801520	19176.300000	1730802120	19181.300000
s	1730802120	19181.300000	1730802540	19175.300000
b	1730802540	19175.300000	1730802840	19182.300000
b	1730803320	19178.300000	1730804280	19166.300000
s	1730804280	19166.300000	1730804940	19168.300000
s	1730804940	19168.300000	1730805240	19176.300000
s	1730805240	19176.300000	1730805600	19172.300000
b	1730806200	19174.300000	1730806380	19169.300000
s	1730806380	19169.300000	1730806800	19171.300000
b	1730806800	19171.300000	1730808420	19184.300000
b	1730808420	19184.300000	1730809140	19186.300000
b	1730809740	19192.300000	1730809800	19200.300000
s	1730809800	19200.300000	1730810340	19193.300000
b	1730811240	19196.300000	1730811420	19189.300000
s	1730811420	19189.300000	1730812680	19171.300000
b	1730812680	19171.300000	1730812740	19165.300000
s	1730812740	19165.300000	1730813460	19164.300000
b	1730813460	19164.300000	1730814360	19177.300000
b	1730814360	19177.300000	1730814540	19191.300000
b	1730815860	19180.100000	1730815920	19193.300000
b	1730818500	19237.300000	1730818740	19247.300000
s	1730819820	19258.300000	1730820240	19263.300000
s	1730820240	19263.300000	1730820540	19257.300000
s	1730820900	19255.300000	1730821020	19265.300000
s	1730821440	19264.300000	1730821560	19274.300000
b	1730822580	19276.300000	1730822700	19284.300000
b	1730822700	19284.300000	1730824080	19297.300000
b	1730824080	19297.300000	1730824380	19301.300000
s	1730824380	19301.300000	1730825820	19304.300000
s	1730828880	19270.300000	1730829360	19269.300000
s	1730829360	19269.300000	1730830380	19279.300000
s	1730830380	19279.300000	1730831220	19279.800000
s	1730831220	19279.800000	1730832180	19273.800000
s	1730833560	19255.800000	1730834580	19260.800000
s	1730834580	19260.800000	1730834940	19263.800000
b	1730834940	19263.800000	1730835720	19266.800000
s	1730835720	19266.800000	1730836080	19269.800000
s	1730836080	19269.800000	1730853540	19340.100000
s	1730856540	19383.100000	1730856900	19376.600000
s	1730856900	19376.600000	1730857080	19389.100000
b	1730858700	19409.100000	1730860800	19301.100000
b	1730861160	19273.600000	1730862420	19215.100000
s	1730862960	19223.100000	1730863620	19215.600000
b	1730864400	19176.100000	1730864520	19197.100000
b	1730865240	19196.600000	1730865360	19211.800000
s	1730867040	19146.100000	1730867700	19149.100000
s	1730867700	19149.100000	1730869620	19111.100000
b	1730873880	19402.100000	1730874360	19424.400000
b	1730874360	19424.400000	1730875320	19417.600000
b	1730875320	19417.600000	1730876400	19358.000000
s	1730877780	19470.200000	1730878020	19509.200000
b	1730878020	19509.200000	1730878620	19514.200000
b	1730878620	19514.200000	1730879220	19509.200000
b	1730879220	19509.200000	1730880000	19534.200000
s	1730883240	19394.200000	1730884020	19412.200000
s	1730884020	19412.200000	1730884380	19430.400000
b	1730884380	19430.400000	1730885640	19468.000000
b	1730887740	19413.400000	1730888640	19415.200000
s	1730888640	19415.200000	1730891040	19319.400000
s	1730891520	19323.200000	1730892360	19335.200000
b	1730892360	19335.200000	1730893860	19363.200000
b	1730897760	19216.400000	1730898180	19189.400000
b	1730898900	19174.200000	1730899440	19169.000000
s	1730899440	19169.000000	1730900100	19143.200000
b	1730900100	19143.200000	1730900580	19139.200000
s	1730900580	19139.200000	1730901660	19064.400000
s	1730901660	19064.400000	1730902080	19026.200000
s	1730902080	19026.200000	1730902380	19050.400000
b	1730902380	19050.400000	1730902740	19024.200000
s	1730905020	19037.200000	1730905260	19022.200000
s	1730905260	19022.200000	1730905920	19032.200000
s	1730905920	19032.200000	1730906460	19043.400000
b	1730906460	19043.400000	1730909160	19021.400000
b	1730909160	19021.400000	1730909820	19017.400000
b	1730909820	19017.400000	1730910360	19022.400000
s	1730914080	19080.400000	1730914200	19089.400000
s	1730914200	19089.400000	1730914620	19083.200000
s	1730914620	19083.200000	1730914860	19089.400000
s	1730915700	19093.400000	1730916840	19085.400000
s	1730916900	19076.400000	1730917860	19076.400000
s	1730917860	19076.400000	1730919120	19079.200000
b	1730919600	19076.400000	1730920080	19074.400000
b	1730920080	19074.400000	1730920320	19084.400000
s	1730920320	19084.400000	1730921880	19111.400000
b	1730921880	19111.400000	1730922000	19122.400000
b	1730922360	19109.400000	1730939820	19067.000000
b	1730940480	19062.300000	1730940660	19051.300000
s	1730942340	19065.000000	1730942580	19060.300000
s	1730945400	19058.300000	1730946840	19064.300000
b	1730946840	19064.300000	1730947200	19066.300000
b	1730947200	19066.300000	1730947920	19072.000000
b	1730947920	19072.000000	1730950020	19054.800000
b	1730950020	19054.800000	1730950440	19050.000000
b	1730950560	19054.300000	1730950800	19048.300000
b	1730951100	19053.300000	1730951760	19051.300000
b	1730951760	19051.300000	1730952120	19058.300000
s	1730952120	19058.300000	1730953140	19068.300000
b	1730953140	19068.300000	1730953440	19074.300000
s	1730953740	19069.000000	1730953980	19074.800000
s	1730954340	19070.300000	1730954700	19074.300000
s	1730955720	19097.000000	1730956320	19098.000000
s	1730956320	19098.000000	1730957400	19101.300000
b	1730959260	19108.800000	1730959680	19109.200000
s	1730960820	19134.600000	1730961480	19127.600000
b	1730965440	19246.100000	1730967060	19281.900000
b	1730967060	19281.900000	1730967180	19294.100000
b	1730967180	19294.100000	1730967840	19281.100000
s	1730967840	19281.100000	1730968380	19283.100000
b	1730968380	19283.100000	1730968680	19274.100000
s	1730968680	19274.100000	1730969580	19265.900000
s	1730969700	19250.100000	1730969820	19267.100000
b	1730969820	19267.100000	1730971080	19277.100000
b	1730972040	19253.100000	1730972820	19254.900000
s	1730972820	19254.900000	1730973000	19267.100000
s	1730973000	19267.100000	1730973600	19274.100000
s	1730976840	19288.900000	1730977800	19284.100000
s	1730980440	19298.100000	1730980800	19284.100000
b	1730980800	19284.100000	1730981040	19298.100000
s	1730981040	19298.100000	1730982180	19321.100000
b	1730982180	19321.100000	1730982420	19331.100000
s	1730982600	19316.300000	1730982900	19334.100000
b	1730982900	19334.100000	1730983080	19313.900000
b	1730983080	19313.900000	1730984160	19315.100000
s	1730984160	19315.100000	1730986380	19356.600000
b	1730986380	19356.600000	1730986740	19387.600000
s	1730986740	19387.600000	1730987400	19388.600000
b	1730988000	19429.600000	1730988420	19417.600000
s	1730988420	19417.600000	1730989380	19400.600000
s	1730991120	19419.600000	1730992380	19384.600000
s	1730992380	19384.600000	1730992800	19375.600000
b	1730993220	19375.600000	1730994540	19366.600000
b	1730995680	19383.600000	1730997240	19400.600000
b	1730997240	19400.600000	1730997840	19403.600000
s	1730997840	19403.600000	1730998320	19401.600000
s	1730999100	19405.600000	1730999220	19401.600000
s	1730999220	19401.600000	1731000000	19400.600000
b	1731000600	19400.600000	1731001020	19401.600000
b	1731001020	19401.600000	1731001200	19396.600000
b	1731001200	19396.600000	1731001680	19397.600000
s	1731002880	19413.400000	1731003600	19409.400000
b	1731003600	19409.400000	1731003960	19414.600000
s	1731003960	19414.600000	1731004620	19416.600000
b	1731004620	19416.600000	1731005160	19416.600000
s	1731006420	19432.400000	1731006660	19437.600000
s	1731006660	19437.600000	1731007320	19442.600000
s	1731008760	19429.600000	1731009060	19423.600000
s	1731009060	19423.600000	1731009480	19429.600000
s	1731009480	19429.600000	1731026220	19430.300000
b	1731028620	19428.300000	1731029460	19429.300000
b	1731029460	19429.300000	1731029700	19425.300000
s	1731029700	19425.300000	1731031140	19414.300000
s	1731031140	19414.300000	1731032280	19420.800000
b	1731032280	19420.800000	1731033420	19416.300000
b	1731033420	19416.300000	1731033600	19412.300000
s	1731036660	19414.300000	1731037500	19410.800000
s	1731037500	19410.800000	1731037740	19408.800000
b	1731038400	19410.300000	1731038580	19408.300000
b	1731039060	19411.300000	1731041520	19427.300000
b	1731042060	19424.300000	1731042420	19420.300000
b	1731042420	19420.300000	1731043380	19411.300000
s	1731045480	19396.300000	1731045600	19404.300000
s	1731045660	19395.300000	1731045720	19406.200000
b	1731045720	19406.200000	1731046140	19392.600000
b	1731046140	19392.600000	1731046500	19401.600000
b	1731046980	19398.600000	1731047040	19407.600000
s	1731050760	19334.600000	1731051240	19352.600000
b	1731051240	19352.600000	1731051720	19352.400000
b	1731052800	19336.600000	1731052920	19321.400000
s	1731052920	19321.400000	1731053580	19318.600000
s	1731054360	19313.600000	1731054660	19300.600000
s	1731059100	19156.400000	1731059700	19159.100000
s	1731059700	19159.100000	1731060360	19151.400000
s	1731060360	19151.400000	1731060600	19161.600000
b	1731060600	19161.600000	1731061560	19182.600000
b	1731061560	19182.600000	1731061920	19194.600000
s	1731061920	19194.600000	1731062820	19213.600000
s	1731062820	19213.600000	1731063360	19219.600000
s	1731063360	19219.600000	1731065040	19242.600000
s	1731065040	19242.600000	1731065700	19244.600000
s	1731066480	19245.400000	1731066600	19252.600000
b	1731067080	19250.600000	1731068580	19223.600000
s	1731068580	19223.600000	1731069300	19224.400000
b	1731069840	19219.600000	1731070500	19229.600000
s	1731071400	19226.600000	1731071940	19227.400000
b	1731071940	19227.400000	1731072240	19236.600000
s	1731072240	19236.600000	1731072480	19220.600000
s	1731072480	19220.600000	1731073620	19192.600000
s	1731076200	19210.600000	1731076440	19223.600000
s	1731076440	19223.600000	1731076860	19212.600000
b	1731077820	19219.600000	1731078480	19209.600000
b	1731078900	19198.600000	1731079380	19209.600000
b	1731079380	19209.600000	1731079500	19203.600000
b	1731079500	19203.600000	1731080040	19209.600000
b	1731080040	19209.600000	1731080700	19202.600000
b	1731080700	19202.600000	1731081120	19207.600000
b	1731081120	19207.600000	1731081420	19201.600000
s	1731082860	19199.600000	1731083100	19190.600000
b	1731084300	19196.600000	1731084960	19195.600000
s	1731084960	19195.600000	1731085500	19196.600000
b	1731085500	19196.600000	1731086160	19195.600000
s	1731087120	19188.600000	1731087180	19191.600000
b	1731087180	19191.600000	1731088260	19201.600000
b	1731088260	19201.600000	1731088740	19202.600000
b	1731088740	19202.600000	1731088980	19195.600000
b	1731090180	19211.600000	1731091500	19227.600000
b	1731091500	19227.600000	1731091980	19226.600000
b	1731091980	19226.600000	1731092220	19223.600000
s	1731092220	19223.600000	1731092700	19224.600000
b	1731092700	19224.600000	1731092940	19220.600000
s	1731092940	19220.600000	1731093000	19226.600000
s	1731093000	19226.600000	1731093120	19220.600000
b	1731094200	19216.600000	1731094740	19215.600000
b	1731094740	19215.600000	1731285900	19270.100000
b	1731287220	19267.100000	1731287820	19265.100000
b	1731287820	19265.100000	1731289380	19254.100000
b	1731289980	19256.100000	1731290880	19257.100000
b	1731290880	19257.100000	1731291180	19255.100000
b	1731291180	19255.100000	1731291420	19258.100000
b	1731291420	19258.100000	1731292020	19253.100000
s	1731292500	19251.100000	1731292860	19254.600000
s	1731293460	19256.100000	1731294180	19254.100000
b	1731294180	19254.100000	1731295320	19258.100000
b	1731295320	19258.100000	1731295500	19262.100000
s	1731295500	19262.100000	1731296280	19262.100000
b	1731296280	19262.100000	1731296940	19260.100000
s	1731299400	19281.100000	1731300060	19285.100000
s	1731300060	19285.100000	1731300600	19285.100000
s	1731301200	19283.100000	1731302520	19293.100000
b	1731302520	19293.100000	1731303000	19297.100000
s	1731303000	19297.100000	1731303480	19297.100000
s	1731304080	19295.100000	1731304980	19297.100000
b	1731304980	19297.100000	1731305340	19313.400000
b	1731307980	19367.400000	1731308160	19379.400000
s	1731308160	19379.400000	1731309960	19437.400000
b	1731310020	19457.400000	1731310440	19444.200000
s	1731310440	19444.200000	1731310740	19460.400000
s	1731312540	19428.400000	1731313500	19444.400000
s	1731314280	19437.200000	1731315180	19440.400000
b	1731315180	19440.400000	1731315600	19449.200000
b	1731315600	19449.200000	1731316260	19450.400000
b	1731316260	19450.400000	1731316680	19458.400000
b	1731317400	19475.400000	1731317460	19466.400000
b	1731317760	19475.400000	1731318180	19470.400000
s	1731319260	19461.400000	1731320040	19464.400000
s	1731320040	19464.400000	1731320580	19460.400000
s	1731320580	19460.400000	1731320760	19448.400000
b	1731321060	19461.400000	1731321720	19465.400000
b	1731322620	19473.400000	1731323220	19475.400000
s	1731323220	19475.400000	1731323340	19467.400000
s	1731323340	19467.400000	1731323580	19477.400000
b	1731324240	19475.400000	1731324660	19481.400000
b	1731326100	19499.400000	1731326460	19491.400000
s	1731326460	19491.400000	1731327000	19495.400000
b	1731327000	19495.400000	1731328500	19515.400000
b	1731328500	19515.400000	1731328560	19522.400000
s	1731328560	19522.400000	1731329760	19537.400000
s	1731330900	19512.400000	1731331380	19508.400000
s	1731331380	19508.400000	1731331920	19501.400000
s	1731331920	19501.400000	1731332640	19502.200000
b	1731333000	19519.400000	1731333240	19503.400000
b	1731333240	19503.400000	1731334380	19489.400000
s	1731335460	19478.400000	1731336120	19471.400000
b	1731336780	19480.400000	1731337140	19475.400000
s	1731338340	19463.400000	1731339180	19463.400000
b	1731339180	19463.400000	1731339780	19453.400000
s	1731339780	19453.400000	1731340320	19454.400000
b	1731340320	19454.400000	1731341280	19451.400000
s	1731341280	19451.400000	1731342780	19437.400000
s	1731342780	19437.400000	1731343260	19433.400000
s	1731343260	19433.400000	1731346080	19387.400000
b	1731346080	19387.400000	1731348180	19423.400000
s	1731348180	19423.400000	1731348420	19428.400000
b	1731348420	19428.400000	1731348780	19424.400000
b	1731348780	19424.400000	1731348900	19430.400000
b	1731348900	19430.400000	1731349620	19433.400000
b	1731349620	19433.400000	1731350040	19438.400000
s	1731350520	19437.400000	1731351840	19434.400000
s	1731353160	19430.400000	1731353460	19426.400000
s	1731354480	19416.400000	1731354960	19418.400000
b	1731354960	19418.400000	1731371880	19394.100000
s	1731371880	19394.100000	1731372840	19405.100000
b	1731372840	19405.100000	1731373320	19401.800000
b	1731373320	19401.800000	1731373380	19395.800000
s	1731373380	19395.800000	1731376860	19354.100000
b	1731377700	19363.100000	1731377880	19357.100000
b	1731377880	19357.100000	1731378120	19363.100000
b	1731379440	19368.100000	1731379560	19364.100000
b	1731379560	19364.100000	1731381540	19343.100000
b	1731383580	19357.100000	1731384120	19355.100000
s	1731384120	19355.100000	1731388920	19291.100000
b	1731389700	19288.100000	1731391140	19283.100000
b	1731391140	19283.100000	1731392340	19294.000000
s	1731392340	19294.000000	1731393060	19278.400000
b	1731393060	19278.400000	1731393360	19268.400000
s	1731393360	19268.400000	1731393840	19268.400000
b	1731395220	19270.400000	1731395520	19253.400000
s	1731395520	19253.400000	1731396120	19250.400000
b	1731396720	19236.400000	1731396840	19256.200000
s	1731396840	19256.200000	1731396960	19235.400000
s	1731396960	19235.400000	1731397080	19258.400000
s	1731397080	19258.400000	1731397500	19251.400000
b	1731397500	19251.400000	1731397740	19266.400000
s	1731397740	19266.400000	1731398520	19289.400000
s	1731398520	19289.400000	1731398640	19304.400000
s	1731398820	19287.400000	1731399240	19302.400000
b	1731399240	19302.400000	1731401340	19328.200000
b	1731401340	19328.200000	1731402660	19309.400000
s	1731402660	19309.400000	1731403080	19301.400000
s	1731408000	19285.400000	1731408180	19277.400000
b	1731408180	19277.400000	1731408960	19267.400000
b	1731409320	19262.400000	1731409740	19274.400000
b	1731409740	19274.400000	1731410340	19277.200000
b	1731410340	19277.200000	1731411900	19260.400000
s	1731412320	19250.400000	1731413160	19238.400000
s	1731413520	19224.400000	1731413760	19238.200000
b	1731413760	19238.200000	1731414420	19234.400000
b	1731414420	19234.400000	1731414720	19241.400000
s	1731414720	19241.400000	1731415200	19245.200000
b	1731415200	19245.200000	1731415500	19253.400000
s	1731415500	19253.400000	1731415980	19257.200000
b	1731415980	19257.200000	1731416040	19268.400000
s	1731416040	19268.400000	1731416640	19265.400000
s	1731416640	19265.400000	1731418080	19257.400000
b	1731418080	19257.400000	1731418380	19244.400000
s	1731418380	19244.400000	1731418860	19251.200000
b	1731418860	19251.200000	1731419040	19238.400000
b	1731419040	19238.400000	1731419520	19245.400000
b	1731419520	19245.400000	1731419820	19235.400000
s	1731421620	19117.400000	1731421800	19096.400000
s	1731421800	19096.400000	1731422220	19101.400000
b	1731422220	19101.400000	1731422700	19089.400000
s	1731422700	19089.400000	1731424500	19038.400000
s	1731424500	19038.400000	1731425040	19043.400000
s	1731425040	19043.400000	1731426720	19003.400000
b	1731426720	19003.400000	1731427080	18992.400000
s	1731427080	18992.400000	1731427440	19000.400000
s	1731427440	19000.400000	1731427920	18995.400000
s	1731427920	18995.400000	1731428820	18987.400000
s	1731429840	18989.400000	1731430980	18983.400000
s	1731430980	18983.400000	1731433380	19018.400000
s	1731433380	19018.400000	1731433440	19023.400000
b	1731433440	19023.400000	1731436200	19056.400000
b	1731436200	19056.400000	1731436440	19059.400000
s	1731437400	19080.400000	1731438240	19076.400000
s	1731438240	19076.400000	1731438960	19078.400000
s	1731438960	19078.400000	1731439740	19080.400000
s	1731439740	19080.400000	1731440040	19073.400000
s	1731440040	19073.400000	1731440220	19082.400000
b	1731440760	19076.400000	1731440880	19083.400000
b	1731441240	19078.400000	1731458820	19057.100000
s	1731459420	19055.100000	1731459840	19059.100000
b	1731459840	19059.100000	1731460980	19071.100000
s	1731460980	19071.100000	1731461940	19063.100000
s	1731461940	19063.100000	1731463500	19078.100000
b	1731463860	19087.100000	1731464160	19082.100000
s	1731464160	19082.100000	1731466020	19079.100000
b	1731466020	19079.100000	1731466380	19076.100000
s	1731466380	19076.100000	1731468000	19055.100000
s	1731468000	19055.100000	1731469140	19058.100000
s	1731469140	19058.100000	1731470280	19057.100000
b	1731470280	19057.100000	1731471120	19057.100000
b	1731473580	19026.100000	1731474000	19028.100000
b	1731474000	19028.100000	1731474480	19027.100000
s	1731474480	19027.100000	1731476460	18995.600000
s	1731476460	18995.600000	1731477360	19008.100000
s	1731477360	19008.100000	1731477900	19016.400000
s	1731477900	19016.400000	1731478080	19005.400000
s	1731478560	19017.400000	1731480360	19059.400000
b	1731480360	19059.400000	1731480600	19068.400000
b	1731480600	19068.400000	1731481140	19062.400000
b	1731481140	19062.400000	1731481740	19049.400000
s	1731481740	19049.400000	1731482580	19056.400000
s	1731483000	19066.400000	1731483600	19061.400000
b	1731486120	19108.400000	1731486300	19118.400000
s	1731486780	19110.400000	1731487200	19118.400000
s	1731487980	19119.400000	1731490440	19074.400000
s	1731490800	19067.400000	1731491340	19067.400000
b	1731491340	19067.400000	1731492360	19085.400000
s	1731492360	19085.400000	1731494340	19043.400000
s	1731494340	19043.400000	1731494520	19032.200000
s	1731494520	19032.200000	1731495060	19035.400000
b	1731495060	19035.400000	1731495240	19027.400000
s	1731495240	19027.400000	1731496800	19008.400000
b	1731496800	19008.400000	1731497220	19006.400000
s	1731497220	19006.400000	1731499560	18943.400000
b	1731499560	18943.400000	1731500280	18943.400000
s	1731500280	18943.400000	1731501000	18927.600000
s	1731501000	18927.600000	1731502080	18971.400000
b	1731502080	18971.400000	1731502380	18997.400000
s	1731502380	18997.400000	1731502680	18980.400000
s	1731505200	18930.200000	1731506280	18886.400000
s	1731506280	18886.400000	1731506700	18885.200000
s	1731506700	18885.200000	1731507000	18907.400000
b	1731507000	18907.400000	1731507420	18875.400000
s	1731507420	18875.400000	1731508200	18866.200000
b	1731508200	18866.200000	1731512520	18990.400000
b	1731512760	19005.400000	1731514680	19021.400000
s	1731514680	19021.400000	1731515340	19021.400000
s	1731516180	19023.400000	1731516720	19031.400000
s	1731517500	19031.400000	1731518520	19023.400000
b	1731518520	19023.400000	1731518820	19021.400000
s	1731518820	19021.400000	1731518940	19025.400000
b	1731518940	19025.400000	1731519420	19024.400000
s	1731519420	19024.400000	1731519660	19030.400000
b	1731519660	19030.400000	1731520800	19043.400000
s	1731523740	18983.400000	1731525000	18971.400000
b	1731525000	18971.400000	1731526020	18991.400000
s	1731526020	18991.400000	1731526380	18994.400000
s	1731526380	18994.400000	1731527160	19004.400000
b	1731527160	19004.400000	1731544920	18974.000000
b	1731547320	18957.000000	1731547620	18946.000000
s	1731547620	18946.000000	1731547800	18955.000000
b	1731548460	18958.000000	1731549120	18953.000000
s	1731549120	18953.000000	1731550800	18971.000000
b	1731550800	18971.000000	1731551220	18975.000000
b	1731551220	18975.000000	1731551400	18970.000000
b	1731552360	18966.000000	1731555120	18986.000000
b	1731555960	18987.000000	1731556080	18984.000000
s	1731556260	18987.000000	1731556740	18983.500000
s	1731556860	18983.000000	1731558000	18949.000000
s	1731558000	18949.000000	1731558660	18950.000000
s	1731558660	18950.000000	1731559140	18957.000000
s	1731559140	18957.000000	1731559380	18951.000000
s	1731559380	18951.000000	1731560220	18954.700000
b	1731560220	18954.700000	1731560940	18968.700000
b	1731560940	18968.700000	1731561360	18973.000000
s	1731561360	18973.000000	1731561720	18964.500000
b	1731562200	18964.000000	1731562680	18963.000000
s	1731562860	18969.000000	1731563340	18967.000000
b	1731563340	18967.000000	1731564120	18966.000000
s	1731564120	18966.000000	1731564480	18943.900000
s	1731564480	18943.900000	1731564780	18961.300000
s	1731564780	18961.300000	1731565020	18945.900000
b	1731568740	19093.300000	1731569220	19111.300000
s	1731570060	19121.300000	1731570780	19116.300000
s	1731573120	19224.300000	1731573300	19237.300000
b	1731573300	19237.300000	1731574020	19222.300000
b	1731574800	19211.300000	1731575400	19216.100000
s	1731575400	19216.100000	1731575940	19222.300000
s	1731575940	19222.300000	1731576180	19208.300000
s	1731576720	19212.300000	1731577260	19216.300000
b	1731577260	19216.300000	1731577680	19223.300000
b	1731578460	19222.300000	1731578880	19214.300000
b	1731578880	19214.300000	1731579360	19220.300000
b	1731579360	19220.300000	1731580800	19233.300000
b	1731580800	19233.300000	1731580920	19243.300000
b	1731580920	19243.300000	1731581760	19253.300000
s	1731583080	19247.300000	1731583380	19241.300000
s	1731583800	19252.300000	1731584220	19250.300000
b	1731584640	19254.300000	1731585180	19252.300000
s	1731585180	19252.300000	1731585720	19259.300000
b	1731585720	19259.300000	1731587460	19287.300000
s	1731588060	19281.300000	1731588780	19284.300000
b	1731589200	19283.100000	1731589740	19287.300000
b	1731590220	19287.100000	1731590880	19294.300000
b	1731590880	19294.300000	1731591420	19286.300000
b	1731591420	19286.300000	1731592140	19261.300000
b	1731594420	19257.300000	1731594720	19240.300000
s	1731594720	19240.300000	1731595800	19250.100000
b	1731595800	19250.100000	1731596340	19245.300000
s	1731596340	19245.300000	1731596400	19257.300000
b	1731596400	19257.300000	1731596580	19243.300000
s	1731596820	19261.300000	1731597600	19256.300000
b	1731597600	19256.300000	1731598020	19259.300000
s	1731598020	19259.300000	1731598140	19251.300000
b	1731598140	19251.300000	1731598380	19261.300000
s	1731600600	19248.300000	1731600660	19238.300000
b	1731600660	19238.300000	1731602220	19211.300000
b	1731602220	19211.300000	1731602760	19212.100000
s	1731602760	19212.100000	1731603180	19212.300000
b	1731603600	19208.300000	1731603900	19220.300000
s	1731603900	19220.300000	1731605280	19232.300000
b	1731605280	19232.300000	1731606180	19228.300000
s	1731606180	19228.300000	1731606300	19222.300000
s	1731606300	19222.300000	1731606660	19228.300000
s	1731606660	19228.300000	1731606780	19219.300000
b	1731607260	19225.300000	1731607920	19231.300000
b	1731609480	19238.300000	1731609660	19233.300000
b	1731609660	19233.300000	1731610260	19238.300000
b	1731610260	19238.300000	1731610680	19233.300000
s	1731612600	19224.300000	1731613860	19212.300000
s	1731613860	19212.300000	1731630600	19194.900000
b	1731630600	19194.900000	1731631680	19184.900000
b	1731631680	19184.900000	1731632580	19181.900000
s	1731632580	19181.900000	1731633000	19184.900000
s	1731633000	19184.900000	1731633360	19180.900000
b	1731633360	19180.900000	1731633840	19181.900000
b	1731633840	19181.900000	1731635160	19191.900000
b	1731635580	19197.900000	1731636060	19194.600000
b	1731636060	19194.600000	1731636540	19200.900000
s	1731636540	19200.900000	1731638520	19213.900000
b	1731638520	19213.900000	1731640620	19201.900000
s	1731640620	19201.900000	1731640680	19198.900000
b	1731641400	19200.900000	1731641940	19204.900000
b	1731641940	19204.900000	1731642360	19201.900000
b	1731642360	19201.900000	1731642780	19203.400000
b	1731643800	19204.900000	1731644040	19208.900000
b	1731644040	19208.900000	1731644820	19208.900000
s	1731646560	19183.900000	1731646620	19178.900000
s	1731646620	19178.900000	1731648840	19155.900000
s	1731648840	19155.900000	1731649440	19161.900000
s	1731649440	19161.900000	1731650040	19161.900000
b	1731650040	19161.900000	1731650400	19154.900000
b	1731650400	19154.900000	1731650520	19167.900000
s	1731651660	19167.200000	1731651780	19153.200000
b	1731653220	19135.200000	1731653940	19130.200000
s	1731653940	19130.200000	1731654000	19144.200000
s	1731654540	19127.200000	1731654840	19140.200000
s	1731655620	19140.000000	1731655980	19162.200000
s	1731655980	19162.200000	1731657000	19181.200000
b	1731657000	19181.200000	1731657120	19196.200000
s	1731658320	19213.200000	1731659100	19216.200000
s	1731659100	19216.200000	1731660600	19243.200000
s	1731660600	19243.200000	1731660840	19251.200000
s	1731661800	19263.200000	1731662520	19257.200000
b	1731662520	19257.200000	1731664740	19277.200000
b	1731664740	19277.200000	1731666360	19256.200000
b	1731666720	19251.200000	1731667020	19259.200000
b	1731667320	19249.200000	1731667980	19242.200000
b	1731667980	19242.200000	1731668160	19232.200000
b	1731668640	19231.200000	1731669180	19243.200000
s	1731669180	19243.200000	1731670140	19244.200000
b	1731670620	19237.000000	1731670920	19249.200000
b	1731671820	19257.200000	1731673680	19211.200000
s	1731673680	19211.200000	1731674640	19225.000000
s	1731674640	19225.000000	1731675360	19217.200000
s	1731675360	19217.200000	1731675960	19212.200000
b	1731675960	19212.200000	1731676320	19217.200000
b	1731676860	19221.200000	1731677820	19222.200000
b	1731677820	19222.200000	1731678000	19239.200000
b	1731678000	19239.200000	1731679080	19247.000000
b	1731679080	19247.000000	1731679980	19238.200000
s	1731680460	19229.000000	1731680700	19242.200000
s	1731680700	19242.200000	1731681180	19231.000000
s	1731682560	19211.200000	1731683520	19191.200000
s	1731683520	19191.200000	1731684900	19213.200000
b	1731685560	19198.200000	1731686040	19190.200000
b	1731686040	19190.200000	1731687240	19181.200000
b	1731688980	19170.200000	1731689400	19166.200000
s	1731689400	19166.200000	1731689880	19173.200000
b	1731689880	19173.200000	1731690300	19172.200000
s	1731690300	19172.200000	1731691020	19179.200000
b	1731691020	19179.200000	1731691440	19178.200000
b	1731691440	19178.200000	1731692340	19176.200000
b	1731692340	19176.200000	1731692580	19169.200000
s	1731692580	19169.200000	1731693540	19163.200000
b	1731694920	19172.200000	1731695280	19168.200000
s	1731695280	19168.200000	1731695520	19171.200000
s	1731695520	19171.200000	1731696720	19198.200000
b	1731696720	19198.200000	1731697440	19200.200000
b	1731697440	19200.200000	1731698700	19215.200000
b	1731698700	19215.200000	1731699300	19221.200000
b	1731699300	19221.200000	1731699840	19219.200000
b	1731699840	19219.200000	1731700020	19227.200000
b	1731890640	19273.900000	1731891300	19274.900000
s	1731892200	19269.900000	1731893160	19280.600000
b	1731893160	19280.600000	1731893760	19278.900000
b	1731894960	19281.900000	1731895440	19285.600000
b	1731895440	19285.600000	1731895980	19283.900000
s	1731898080	19271.900000	1731898500	19268.900000
s	1731898500	19268.900000	1731898680	19271.900000
s	1731899220	19272.900000	1731899880	19273.900000
b	1731899880	19273.900000	1731902040	19295.900000
b	1731903660	19277.900000	1731904200	19275.900000
s	1731904800	19273.400000	1731905700	19270.900000
b	1731905880	19272.900000	1731906000	19267.900000
s	1731906000	19267.900000	1731906840	19258.400000
s	1731906840	19258.400000	1731907320	19259.900000
s	1731907320	19259.900000	1731907440	19264.900000
b	1731907440	19264.900000	1731907740	19259.900000
s	1731907740	19259.900000	1731908220	19264.900000
b	1731909540	19272.900000	1731910140	19274.800000
s	1731910140	19274.800000	1731910860	19279.800000
s	1731912120	19245.200000	1731912840	19239.200000
s	1731912840	19239.200000	1731913800	19229.200000
b	1731913800	19229.200000	1731914100	19246.200000
b	1731914100	19246.200000	1731915000	19270.200000
s	1731917340	19213.000000	1731917700	19196.000000
b	1731918300	19189.200000	1731918660	19175.200000
s	1731918660	19175.200000	1731919320	19177.200000
b	1731919320	19177.200000	1731919980	19192.200000
b	1731922320	19194.200000	1731922680	19201.200000
b	1731922680	19201.200000	1731923760	19207.200000
s	1731925980	19173.200000	1731926760	19140.200000
s	1731926760	19140.200000	1731928260	19169.600000
b	1731928260	19169.600000	1731928560	19178.600000
b	1731928560	19178.600000	1731929520	19182.600000
s	1731929520	19182.600000	1731931860	19145.600000
s	1731931860	19145.600000	1731932100	19129.600000
b	1731933060	19119.600000	1731934080	19138.600000
s	1731934080	19138.600000	1731934440	19147.600000
s	1731934440	19147.600000	1731934800	19137.600000
s	1731936000	19116.600000	1731936540	19130.100000
b	1731936540	19130.100000	1731936660	19118.100000
s	1731936660	19118.100000	1731936840	19135.100000
b	1731936840	19135.100000	1731937620	19140.900000
b	1731937620	19140.900000	1731938580	19150.100000
s	1731938580	19150.100000	1731939060	19144.100000
b	1731939540	19140.100000	1731939900	19150.100000
s	1731939900	19150.100000	1731941580	19204.600000
b	1731941580	19204.600000	1731942180	19199.600000
s	1731942180	19199.600000	1731942660	19191.600000
b	1731943320	19190.600000	1731943740	19186.600000
s	1731943800	19196.600000	1731944700	19203.600000
s	1731945780	19184.800000	1731946140	19176.800000
s	1731946140	19176.800000	1731946380	19185.800000
b	1731946980	19187.800000	1731947340	19180.800000
s	1731947640	19184.800000	1731948240	19179.800000
s	1731948240	19179.800000	1731948900	19179.300000
s	1731948900	19179.300000	1731949620	19181.300000
s	1731949620	19181.300000	1731949740	19186.300000
s	1731949740	19186.300000	1731950100	19180.300000
s	1731953160	19166.600000	1731954420	19147.600000
b	1731954600	19140.600000	1731955140	19145.600000
b	1731956100	19154.600000	1731957000	19154.600000
b	1731957780	19151.600000	1731957960	19146.600000
b	1731959040	19146.600000	1731959520	19142.600000
b	1731959520	19142.600000	1731959880	19148.600000
b	1731959880	19148.600000	1731978000	19191.100000
b	1731978000	19191.100000	1731979020	19185.100000
b	1731979020	19185.100000	1731983940	19240.100000
b	1731983940	19240.100000	1731984180	19245.100000
b	1731984180	19245.100000	1731984960	19246.100000
s	1731984960	19246.100000	1731985560	19252.100000
b	1731985560	19252.100000	1731985740	19247.100000
s	1731985740	19247.100000	1731985980	19252.100000
b	1731986580	19249.700000	1731987000	19255.600000
s	1731987000	19255.600000	1731987060	19250.600000
s	1731987060	19250.600000	1731987540	19253.600000
b	1731987540	19253.600000	1731987780	19248.600000
b	1731988740	19236.600000	1731988860	19232.600000
s	1731988860	19232.600000	1731988920	19236.600000
b	1731988920	19236.600000	1731989160	19230.600000
s	1731989160	19230.600000	1731989700	19230.600000
s	1731989700	19230.600000	1731989820	19224.600000
s	1731989820	19224.600000	1731990300	19226.600000
b	1731990300	19226.600000	1731990720	19225.600000
s	1731990720	19225.600000	1731991200	19226.600000
s	1731991200	19226.600000	1731991260	19223.300000
s	1731991260	19223.300000	1731992100	19220.600000
s	1731992100	19220.600000	1731992700	19221.600000
b	1731993420	19222.600000	1731994200	19226.600000
s	1731994200	19226.600000	1731995280	19216.600000
s	1731995520	19212.600000	1731997020	19180.900000
s	1731997020	19180.900000	1731998160	19195.900000
b	1731998160	19195.900000	1731999180	19195.900000
b	1731999180	19195.900000	1731999480	19185.900000
s	1731999480	19185.900000	1731999660	19199.900000
b	1732000080	19193.700000	1732000860	19192.400000
s	1732000860	19192.400000	1732000980	19170.200000
s	1732000980	19170.200000	1732002420	19109.900000
s	1732002420	19109.900000	1732002960	19104.400000
s	1732002960	19104.400000	1732003380	19123.400000
b	1732003680	19104.200000	1732005420	18987.400000
b	1732005420	18987.400000	1732005780	18957.400000
s	1732005780	18957.400000	1732006320	18958.200000
s	1732007220	18953.200000	1732007760	18959.200000
s	1732007760	18959.200000	1732008360	18972.700000
s	1732010220	18973.900000	1732010400	18986.900000
s	1732010400	18986.900000	1732011120	18979.900000
b	1732011120	18979.900000	1732011960	18974.900000
b	1732011960	18974.900000	1732012020	18966.900000
s	1732012020	18966.900000	1732012920	18967.900000
b	1732013880	18970.900000	1732015020	19005.900000
s	1732015020	19005.900000	1732015620	19003.900000
s	1732015620	19003.900000	1732015920	18992.900000
s	1732016460	18986.700000	1732017780	19010.700000
b	1732017780	19010.700000	1732019280	18970.900000
b	1732019280	18970.900000	1732019520	18956.900000
b	1732019760	18971.900000	1732020120	18956.900000
b	1732022400	18866.900000	1732022580	18886.900000
b	1732022580	18886.900000	1732024020	18914.900000
s	1732024020	18914.900000	1732024860	18926.900000
b	1732024860	18926.900000	1732025700	18944.900000
s	1732025700	18944.900000	1732025940	18957.900000
b	1732025940	18957.900000	1732026060	18934.900000
s	1732026420	18954.900000	1732027560	18987.900000
b	1732027560	18987.900000	1732027680	19001.900000
b	1732027680	19001.900000	1732028400	19010.900000
b	1732028400	19010.900000	1732028880	19024.900000
b	1732028880	19024.900000	1732030680	19068.900000
b	1732030680	19068.900000	1732030860	19080.900000
s	1732030980	19067.900000	1732031820	19066.900000
b	1732031820	19066.900000	1732032180	19055.900000
b	1732032900	19054.900000	1732033260	19045.900000
s	1732033260	19045.900000	1732033740	19057.900000
b	1732033740	19057.900000	1732034460	19066.900000
b	1732035660	19052.900000	1732035900	19059.900000
s	1732035900	19059.900000	1732036860	19073.900000
b	1732036860	19073.900000	1732037100	19079.900000
s	1732039380	19109.900000	1732042260	19056.900000
b	1732042260	19056.900000	1732042800	19056.900000
b	1732043220	19061.900000	1732044240	19068.900000
s	1732044240	19068.900000	1732044420	19074.900000
s	1732045260	19080.900000	1732045380	19085.900000
s	1732045500	19080.900000	1732062600	19095.400000
b	1732062600	19095.400000	1732063440	19102.400000
s	1732063440	19102.400000	1732063920	19104.400000
b	1732064760	19100.400000	1732065480	19104.100000
s	1732065780	19110.400000	1732066320	19109.100000
s	1732066320	19109.100000	1732066860	19112.400000
b	1732066860	19112.400000	1732067820	19124.100000
b	1732067820	19124.100000	1732069260	19118.400000
s	1732069260	19118.400000	1732069740	19110.400000
b	1732070520	19111.400000	1732070580	19104.400000
s	1732070580	19104.400000	1732071540	19097.400000
s	1732071540	19097.400000	1732073040	19116.400000
s	1732073040	19116.400000	1732073100	19120.400000
b	1732073100	19120.400000	1732073580	19120.400000
b	1732073580	19120.400000	1732074420	19123.400000
b	1732074420	19123.400000	1732074540	19118.400000
b	1732074540	19118.400000	1732075020	19122.400000
s	1732075020	19122.400000	1732075380	19118.400000
b	1732075380	19118.400000	1732075800	19120.400000
b	1732075800	19120.400000	1732076100	19118.400000
b	1732076100	19118.400000	1732076160	19122.400000
s	1732076160	19122.400000	1732076880	19125.400000
s	1732077840	19114.900000	1732078380	19114.400000
b	1732078380	19114.400000	1732081620	19168.400000
b	1732082460	19168.400000	1732082700	19152.400000
b	1732082700	19152.400000	1732083420	19152.700000
b	1732083900	19151.700000	1732084380	19154.700000
s	1732084380	19154.700000	1732085160	19170.700000
s	1732085160	19170.700000	1732085400	19188.700000
s	1732086000	19179.700000	1732086360	19197.700000
b	1732086360	19197.700000	1732086660	19173.700000
b	1732086660	19173.700000	1732087020	19198.700000
s	1732087020	19198.700000	1732087500	19188.700000
s	1732088460	19178.700000	1732088640	19160.500000
s	1732088640	19160.500000	1732088760	19178.700000
s	1732091460	19185.700000	1732093560	19159.700000
b	1732094400	19164.700000	1732094760	19178.700000
b	1732094940	19157.700000	1732095420	19158.700000
b	1732095780	19147.700000	1732096380	19144.700000
b	1732096380	19144.700000	1732096620	19131.700000
s	1732096620	19131.700000	1732097160	19136.700000
s	1732097460	19129.700000	1732097940	19128.700000
s	1732097940	19128.700000	1732098420	19126.700000
s	1732098420	19126.700000	1732098900	19132.700000
s	1732099560	19128.700000	1732100640	19129.500000
s	1732100640	19129.500000	1732101300	19121.700000
s	1732101660	19116.700000	1732102020	19122.700000
s	1732102020	19122.700000	1732102620	19118.700000
s	1732102620	19118.700000	1732102920	19125.700000
b	1732102920	19125.700000	1732104300	19165.700000
b	1732104300	19165.700000	1732105020	19152.700000
s	1732105020	19152.700000	1732105800	19155.700000
s	1732105980	19163.700000	1732106040	19153.700000
s	1732106040	19153.700000	1732107960	19129.700000
s	1732108380	19120.700000	1732109340	19097.700000
s	1732109640	19082.700000	1732110360	19046.700000
s	1732110840	19053.500000	1732112640	19005.700000
s	1732113780	19028.500000	1732114020	19051.700000
b	1732115880	19032.700000	1732116360	19026.700000
s	1732116360	19026.700000	1732116900	19017.700000
s	1732121220	19066.700000	1732121640	19059.700000
b	1732121640	19059.700000	1732122660	19051.700000
b	1732122660	19051.700000	1732123080	19045.700000
b	1732123260	19052.700000	1732123920	19048.700000
s	1732123920	19048.700000	1732125060	19032.700000
b	1732125060	19032.700000	1732125600	19029.700000
s	1732125600	19029.700000	1732125780	19037.700000
s	1732125780	19037.700000	1732125960	19029.700000
s	1732127160	19034.700000	1732128660	19053.700000
b	1732128660	19053.700000	1732129500	19048.700000
s	1732129800	19048.700000	1732130160	19045.700000
b	1732130340	19051.700000	1732131720	19080.700000
b	1732132080	19088.700000	1732149000	19051.000000
s	1732149000	19051.000000	1732149900	19055.000000
b	1732149900	19055.000000	1732150320	19047.700000
s	1732150800	19045.000000	1732152360	19056.000000
s	1732152360	19056.000000	1732152480	19062.000000
b	1732152780	19055.000000	1732154280	19049.000000
b	1732154280	19049.000000	1732155120	19048.000000
b	1732155300	19054.000000	1732156800	19066.000000
b	1732156800	19066.000000	1732158360	19050.000000
s	1732158360	19050.000000	1732159320	19061.000000
s	1732159320	19061.000000	1732160160	19060.000000
s	1732160160	19060.000000	1732160340	19056.000000
s	1732160340	19056.000000	1732160700	19062.000000
b	1732160700	19062.000000	1732161060	19057.000000
b	1732161180	19061.000000	1732161600	19059.000000
b	1732164240	19072.000000	1732165500	19079.000000
b	1732165500	19079.000000	1732165740	19087.000000
s	1732165740	19087.000000	1732166280	19078.000000
s	1732166280	19078.000000	1732166700	19086.000000
s	1732166700	19086.000000	1732167480	19091.000000
s	1732167480	19091.000000	1732167600	19098.000000
s	1732168020	19097.000000	1732168680	19099.000000
b	1732168680	19099.000000	1732169580	19116.300000
s	1732169580	19116.300000	1732170000	19119.300000
s	1732170420	19082.300000	1732171440	19057.300000
b	1732171440	19057.300000	1732172160	19069.300000
b	1732172580	19072.300000	1732172760	19033.100000
b	1732173660	19045.100000	1732173840	19001.300000
b	1732173840	19001.300000	1732174920	18972.300000
b	1732174920	18972.300000	1732176000	19011.300000
s	1732176000	19011.300000	1732176900	18997.300000
b	1732176900	18997.300000	1732177200	18971.300000
b	1732179180	18964.300000	1732179360	18981.300000
b	1732179360	18981.300000	1732180260	18996.100000
b	1732181520	18971.300000	1732182360	18988.300000
b	1732182360	18988.300000	1732183080	18996.300000
s	1732183080	18996.300000	1732184760	19061.300000
b	1732184760	19061.300000	1732185300	19073.300000
b	1732185300	19073.300000	1732185660	19057.300000
s	1732185840	19068.300000	1732186020	19049.300000
b	1732188000	19097.100000	1732188480	19090.100000
b	1732188480	19090.100000	1732189200	19091.300000
s	1732189200	19091.300000	1732189620	19082.300000
b	1732189620	19082.300000	1732190400	19061.300000
s	1732190400	19061.300000	1732190880	19062.300000
b	1732191120	19075.100000	1732191840	19090.100000
s	1732191840	19090.100000	1732192680	19094.300000
b	1732192680	19094.300000	1732193100	19089.300000
s	1732193100	19089.300000	1732194480	19060.300000
s	1732194480	19060.300000	1732195140	19067.100000
s	1732195440	19083.300000	1732195740	19076.300000
b	1732195740	19076.300000	1732196580	19051.300000
s	1732196580	19051.300000	1732197180	19072.100000
b	1732198080	19063.300000	1732198920	19106.300000
b	1732198920	19106.300000	1732199640	19095.300000
s	1732199640	19095.300000	1732201620	19149.300000
s	1732203300	19157.300000	1732203780	19159.300000
b	1732203780	19159.300000	1732203960	19147.100000
s	1732203960	19147.100000	1732204440	19149.300000
b	1732208100	19188.300000	1732208520	19194.300000
b	1732208520	19194.300000	1732209120	19196.300000
b	1732209120	19196.300000	1732209720	19196.300000
b	1732209720	19196.300000	1732210620	19201.300000
b	1732210620	19201.300000	1732211640	19191.300000
s	1732212300	19191.300000	1732213020	19185.300000
s	1732213020	19185.300000	1732213140	19179.300000
b	1732213140	19179.300000	1732213320	19185.300000
b	1732213320	19185.300000	1732213860	19187.300000
b	1732215240	19186.300000	1732216380	19195.300000
b	1732216380	19195.300000	1732217220	19194.300000
s	1732217220	19194.300000	1732217520	19188.300000
b	1732218840	19177.300000	1732236300	19208.700000
b	1732236300	19208.700000	1732236720	19212.700000
b	1732236720	19212.700000	1732237140	19209.700000
s	1732237320	19213.700000	1732237560	19208.700000
s	1732239120	19195.700000	1732239300	19200.700000
b	1732241340	19210.700000	1732241400	19215.700000
b	1732241400	19215.700000	1732241880	19214.700000
b	1732241880	19214.700000	1732241940	19219.700000
b	1732241940	19219.700000	1732242540	19217.700000
b	1732242540	19217.700000	1732244100	19195.700000
s	1732244820	19198.700000	1732245420	19204.700000
b	1732245420	19204.700000	1732245840	19202.700000
b	1732245840	19202.700000	1732246380	19206.700000
b	1732246380	19206.700000	1732246860	19209.700000
b	1732246860	19209.700000	1732247460	19205.700000
b	1732247460	19205.700000	1732247940	19202.700000
s	1732247940	19202.700000	1732248060	19206.700000
s	1732248060	19206.700000	1732248120	19202.200000
s	1732248660	19196.700000	1732249500	19186.700000
b	1732249500	19186.700000	1732250640	19191.700000
b	1732250640	19191.700000	1732251900	19178.700000
b	1732251900	19178.700000	1732253340	19190.700000
s	1732253340	19190.700000	1732254360	19183.700000
b	1732254360	19183.700000	1732254840	19182.700000
s	1732254840	19182.700000	1732255200	19184.700000
b	1732257840	19229.000000	1732258080	19236.000000
b	1732258080	19236.000000	1732258320	19225.000000
b	1732258320	19225.000000	1732258860	19253.000000
s	1732258860	19253.000000	1732259520	19256.800000
s	1732260120	19260.000000	1732261560	19257.800000
s	1732261620	19277.000000	1732262160	19271.000000
b	1732262160	19271.000000	1732264800	19066.000000
b	1732266540	19117.000000	1732267020	19116.000000
b	1732267020	19116.000000	1732267380	19096.800000
b	1732267380	19096.800000	1732267560	19112.000000
b	1732267560	19112.000000	1732267800	19093.000000
b	1732269540	19136.000000	1732269720	19147.000000
b	1732269720	19147.000000	1732270200	19138.000000
b	1732270200	19138.000000	1732270860	19130.000000
s	1732270860	19130.000000	1732271640	19133.000000
s	1732271640	19133.000000	1732272060	19136.000000
b	1732272060	19136.000000	1732272360	19120.000000
s	1732272360	19120.000000	1732272660	19137.000000
b	1732272660	19137.000000	1732275120	19221.800000
b	1732275120	19221.800000	1732275960	19221.000000
s	1732275960	19221.000000	1732277580	19250.000000
s	1732277580	19250.000000	1732278060	19256.000000
b	1732278060	19256.000000	1732278720	19261.000000
b	1732279980	19242.000000	1732280460	19233.000000
s	1732280460	19233.000000	1732280760	19242.000000
b	1732280760	19242.000000	1732281480	19240.800000
b	1732283460	19311.800000	1732283940	19335.000000
s	1732284540	19327.000000	1732285140	19333.000000
b	1732285140	19333.000000	1732285380	19313.800000
s	1732285380	19313.800000	1732286160	19319.000000
s	1732286160	19319.000000	1732286520	19304.000000
b	1732286520	19304.000000	1732287060	19310.000000
b	1732287060	19310.000000	1732287960	19309.000000
s	1732287960	19309.000000	1732288320	19316.000000
b	1732288320	19316.000000	1732288740	19304.000000
s	1732288740	19304.000000	1732288980	19315.300000
s	1732288980	19315.300000	1732290240	19338.000000
b	1732290240	19338.000000	1732290660	19347.000000
s	1732291440	19349.000000	1732292280	19351.000000
b	1732292280	19351.000000	1732292460	19360.000000
s	1732293000	19356.000000	1732293780	19350.000000
b	1732293780	19350.000000	1732294860	19361.000000
s	1732294860	19361.000000	1732295100	19365.000000
b	1732295880	19371.000000	1732296240	19374.000000
s	1732296540	19368.000000	1732297500	19367.000000
b	1732297500	19367.000000	1732297860	19364.000000
b	1732298220	19368.000000	1732298700	19365.000000
s	1732298700	19365.000000	1732299600	19356.000000
s	1732300860	19364.000000	1732301460	19363.000000
b	1732301460	19363.000000	1732302000	19361.000000
s	1732302000	19361.000000	1732302960	19338.000000
b	1732302960	19338.000000	1732304220	19340.000000
s	1732304220	19340.000000	1732304640	19344.500000
s	1732495140	19455.400000	1732495620	19451.400000
b	1732495620	19451.400000	1732495740	19456.400000
s	1732495740	19456.400000	1732495920	19451.400000
s	1732495920	19451.400000	1732496760	19445.400000
s	1732497480	19447.400000	1732497600	19452.400000
s	1732497600	19452.400000	1732498560	19454.400000
s	1732499400	19452.400000	1732499760	19456.400000
b	1732499760	19456.400000	1732500000	19451.400000
b	1732501560	19453.400000	1732502340	19445.400000
b	1732502340	19445.400000	1732502580	19440.900000
s	1732502580	19440.900000	1732502880	19447.400000
s	1732502880	19447.400000	1732503660	19447.400000
s	1732503660	19447.400000	1732503840	19449.400000
b	1732503840	19449.400000	1732503960	19446.400000
b	1732504500	19447.400000	1732504560	19442.400000
s	1732504560	19442.400000	1732505100	19446.400000
b	1732505100	19446.400000	1732505460	19444.400000
b	1732505460	19444.400000	1732506000	19446.400000
b	1732506000	19446.400000	1732506060	19442.400000
s	1732506060	19442.400000	1732507560	19433.400000
s	1732507800	19429.400000	1732508160	19432.400000
b	1732508160	19432.400000	1732508220	19426.400000
s	1732508220	19426.400000	1732508820	19425.400000
s	1732508820	19425.400000	1732510080	19437.400000
b	1732510620	19439.900000	1732510800	19437.400000
b	1732510800	19437.400000	1732512240	19420.400000
b	1732512240	19420.400000	1732512660	19417.400000
b	1732513200	19416.400000	1732513620	19408.400000
s	1732513620	19408.400000	1732513860	19413.400000
b	1732513860	19413.400000	1732514640	19405.300000
b	1732515060	19419.700000	1732515240	19407.300000
s	1732515240	19407.300000	1732516320	19409.700000
b	1732516980	19410.700000	1732517040	19417.700000
s	1732517940	19431.700000	1732518000	19443.700000
s	1732518660	19459.700000	1732520280	19418.700000
b	1732520280	19418.700000	1732520820	19411.700000
s	1732520820	19411.700000	1732521960	19389.700000
b	1732523160	19401.700000	1732523340	19413.700000
b	1732523340	19413.700000	1732523760	19404.700000
s	1732523760	19404.700000	1732524000	19416.700000
b	1732524000	19416.700000	1732524900	19426.700000
b	1732524900	19426.700000	1732525500	19420.700000
s	1732525500	19420.700000	1732525980	19415.500000
s	1732525980	19415.500000	1732527060	19414.700000
s	1732527060	19414.700000	1732527480	19409.700000
b	1732528260	19414.700000	1732528560	19404.700000
b	1732530180	19378.700000	1732530480	19369.700000
s	1732530480	19369.700000	1732530660	19378.700000
s	1732531140	19378.700000	1732531500	19389.700000
b	1732531500	19389.700000	1732531740	19378.700000
b	1732531740	19378.700000	1732533360	19352.700000
s	1732533360	19352.700000	1732533900	19351.500000
s	1732533900	19351.500000	1732534380	19358.700000
b	1732534380	19358.700000	1732535880	19395.700000
b	1732535880	19395.700000	1732536000	19406.700000
s	1732536000	19406.700000	1732537260	19420.700000
s	1732537260	19420.700000	1732537740	19421.700000
b	1732537860	19410.700000	1732538160	19422.700000
b	1732538160	19422.700000	1732538640	19425.700000
s	1732539240	19428.700000	1732539720	19422.700000
s	1732539720	19422.700000	1732540440	19417.700000
b	1732540440	19417.700000	1732541220	19421.700000
s	1732541220	19421.700000	1732541580	19427.700000
b	1732541580	19427.700000	1732542240	19435.700000
b	1732542960	19440.700000	1732543200	19426.700000
s	1732543200	19426.700000	1732543620	19435.700000
b	1732543620	19435.700000	1732543860	19413.700000
b	1732543860	19413.700000	1732544460	19414.700000
b	1732544460	19414.700000	1732545180	19412.700000
s	1732545180	19412.700000	1732545840	19422.700000
b	1732545840	19422.700000	1732545960	19406.700000
s	1732545960	19406.700000	1732546320	19428.700000
b	1732546320	19428.700000	1732547340	19435.700000
b	1732547340	19435.700000	1732547460	19450.700000
s	1732547460	19450.700000	1732548000	19439.700000
b	1732550100	19402.700000	1732550220	19395.700000
s	1732550220	19395.700000	1732550580	19400.700000
b	1732550580	19400.700000	1732550940	19395.700000
s	1732550940	19395.700000	1732552380	19384.700000
b	1732552560	19371.700000	1732553400	19371.700000
b	1732553400	19371.700000	1732555200	19397.700000
s	1732555200	19397.700000	1732555440	19402.700000
s	1732555440	19402.700000	1732555860	19400.700000
b	1732555980	19408.700000	1732556580	19405.700000
s	1732558140	19406.700000	1732558860	19406.700000
b	1732559400	19400.700000	1732560900	19409.700000
b	1732561680	19402.700000	1732563120	19406.700000
b	1732563120	19406.700000	1732563720	19403.700000
s	1732563720	19403.700000	1732564020	19399.700000
s	1732582140	19275.100000	1732582800	19283.100000
b	1732582800	19283.100000	1732584060	19299.100000
s	1732584060	19299.100000	1732584120	19304.100000
s	1732585740	19289.600000	1732586460	19291.100000
b	1732586460	19291.100000	1732587060	19289.100000
b	1732587180	19296.100000	1732588440	19302.100000
b	1732588440	19302.100000	1732588860	19305.100000
b	1732589100	19300.100000	1732589340	19307.100000
s	1732589340	19307.100000	1732589820	19305.100000
s	1732590120	19309.100000	1732590420	19305.100000
s	1732591080	19308.100000	1732591860	19313.100000
b	1732591860	19313.100000	1732593240	19299.100000
s	1732593240	19299.100000	1732593720	19296.100000
s	1732593720	19296.100000	1732593780	19304.100000
s	1732595400	19294.100000	1732595520	19303.100000
b	1732596000	19304.100000	1732596600	19299.100000
b	1732596600	19299.100000	1732596780	19292.100000
s	1732596780	19292.100000	1732597440	19292.100000
b	1732597980	19288.100000	1732598220	19295.100000
b	1732598220	19295.100000	1732599360	19296.600000
s	1732599360	19296.600000	1732599480	19304.100000
b	1732600080	19310.100000	1732600620	19308.100000
s	1732600620	19308.100000	1732600860	19301.100000
s	1732601400	19305.000000	1732602540	19346.400000
b	1732602540	19346.400000	1732603680	19334.400000
b	1732603680	19334.400000	1732604100	19325.400000
s	1732604280	19336.400000	1732604400	19323.400000
s	1732604400	19323.400000	1732605480	19304.400000
b	1732605960	19290.400000	1732607040	19275.400000
b	1732607040	19275.400000	1732607700	19284.400000
s	1732607700	19284.400000	1732608120	19295.400000
b	1732610220	19315.400000	1732610760	19311.400000
s	1732610760	19311.400000	1732611180	19312.400000
b	1732611180	19312.400000	1732612020	19304.400000
b	1732615260	19313.400000	1732615620	19319.400000
b	1732615620	19319.400000	1732616340	19320.400000
b	1732616340	19320.400000	1732616700	19330.400000
s	1732616700	19330.400000	1732616820	19318.400000
s	1732616820	19318.400000	1732617360	19321.400000
s	1732617360	19321.400000	1732618200	19336.400000
b	1732618200	19336.400000	1732618320	19346.400000
b	1732618320	19346.400000	1732618860	19347.400000
b	1732618860	19347.400000	1732618920	19356.400000
b	1732618920	19356.400000	1732620120	19376.400000
b	1732622760	19390.400000	1732623060	19374.400000
b	1732623060	19374.400000	1732624380	19376.400000
b	1732624380	19376.400000	1732624560	19364.400000
s	1732624560	19364.400000	1732624860	19375.400000
s	1732625100	19356.400000	1732625580	19364.400000
b	1732627140	19378.400000	1732627500	19386.400000
s	1732627500	19386.400000	1732627680	19377.400000
b	1732627680	19377.400000	1732628520	19368.400000
s	1732628520	19368.400000	1732629300	19353.400000
b	1732630920	19309.400000	1732631100	19286.400000
s	1732631100	19286.400000	1732631580	19291.400000
s	1732631580	19291.400000	1732632540	19314.400000
b	1732632540	19314.400000	1732633080	19319.400000
s	1732633080	19319.400000	1732633680	19311.400000
b	1732633680	19311.400000	1732634220	19311.400000
b	1732634220	19311.400000	1732634820	19313.400000
s	1732634820	19313.400000	1732635480	19316.400000
s	1732635480	19316.400000	1732636140	19314.400000
b	1732636140	19314.400000	1732637280	19306.400000
b	1732637700	19300.400000	1732638600	19301.400000
b	1732638600	19301.400000	1732639860	19319.400000
s	1732640040	19324.400000	1732640580	19324.400000
b	1732640820	19327.400000	1732641480	19327.400000
b	1732641900	19331.400000	1732642260	19327.400000
s	1732642260	19327.400000	1732642920	19328.400000
s	1732642920	19328.400000	1732643460	19321.400000
b	1732643700	19326.400000	1732644360	19322.400000
s	1732644360	19322.400000	1732645620	19313.400000
s	1732645620	19313.400000	1732646580	19318.400000
s	1732646580	19318.400000	1732646820	19324.400000
b	1732647840	19323.400000	1732648800	19325.400000
b	1732648800	19325.400000	1732649280	19326.400000
b	1732668300	19334.600000	1732668360	19330.600000
s	1732669260	19323.600000	1732670460	19320.600000
s	1732671240	19329.600000	1732671780	19328.600000
b	1732673520	19312.600000	1732673940	19307.600000
s	1732674300	19309.600000	1732674540	19303.600000
s	1732674540	19303.600000	1732675260	19297.600000
s	1732676100	19300.600000	1732676340	19305.600000
b	1732676340	19305.600000	1732676700	19300.600000
s	1732676700	19300.600000	1732677060	19303.600000
b	1732677060	19303.600000	1732678140	19306.600000
b	1732678140	19306.600000	1732679700	19304.600000
s	1732679700	19304.600000	1732680420	19303.100000
b	1732680420	19303.100000	1732680480	19306.600000
s	1732680900	19304.100000	1732681320	19305.600000
b	1732681320	19305.600000	1732682340	19308.600000
b	1732682340	19308.600000	1732683180	19309.600000
s	1732683180	19309.600000	1732683300	19306.100000
b	1732683300	19306.100000	1732684500	19295.600000
b	1732684500	19295.600000	1732685400	19297.600000
b	1732686060	19301.600000	1732687080	19314.600000
b	1732687080	19314.600000	1732687440	19321.600000
s	1732687440	19321.600000	1732687800	19308.900000
s	1732687800	19308.900000	1732687920	19325.900000
b	1732687920	19325.900000	1732688760	19334.900000
s	1732689060	19341.900000	1732689600	19343.900000
s	1732689600	19343.900000	1732690500	19333.900000
b	1732690500	19333.900000	1732690740	19317.900000
s	1732690740	19317.900000	1732691280	19300.900000
s	1732691280	19300.900000	1732691640	19280.900000
s	1732691640	19280.900000	1732692960	19250.900000
b	1732692960	19250.900000	1732693200	19234.900000
s	1732693200	19234.900000	1732693620	19248.900000
b	1732693620	19248.900000	1732694940	19266.900000
s	1732694940	19266.900000	1732695300	19278.900000
b	1732698900	19225.700000	1732699680	19216.900000
s	1732699680	19216.900000	1732701300	19193.900000
b	1732701300	19193.900000	1732702200	19202.900000
s	1732702200	19202.900000	1732703280	19175.900000
b	1732705320	19217.900000	1732705920	19216.900000
b	1732705920	19216.900000	1732706940	19229.900000
b	1732706940	19229.900000	1732707480	19236.900000
s	1732707480	19236.900000	1732708200	19234.900000
b	1732708200	19234.900000	1732708800	19238.900000
b	1732708800	19238.900000	1732708860	19228.900000
s	1732708860	19228.900000	1732709040	19239.900000
b	1732709040	19239.900000	1732709520	19241.900000
b	1732711980	19269.900000	1732712100	19253.900000
s	1732713960	19255.900000	1732714560	19246.900000
b	1732715280	19261.900000	1732715880	19268.900000
s	1732715880	19268.900000	1732716300	19260.700000
s	1732716540	19279.900000	1732716960	19267.900000
b	1732716960	19267.900000	1732718580	19265.900000
s	1732718580	19265.900000	1732718940	19252.900000
s	1732718940	19252.900000	1732719120	19265.900000
s	1732719780	19261.900000	1732720260	19270.900000
b	1732720260	19270.900000	1732720740	19261.900000
b	1732720740	19261.900000	1732720980	19272.900000
s	1732720980	19272.900000	1732721460	19269.900000
s	1732721700	19277.900000	1732722240	19284.900000
b	1732722240	19284.900000	1732723920	19263.900000
s	1732723920	19263.900000	1732725060	19261.900000
s	1732725060	19261.900000	1732726020	19266.900000
s	1732726860	19266.900000	1732726980	19271.900000
b	1732726980	19271.900000	1732728420	19280.900000
b	1732728900	19284.900000	1732729500	19285.900000
s	1732729500	19285.900000	1732729980	19286.900000
s	1732729980	19286.900000	1732730460	19285.900000
s	1732730460	19285.900000	1732730640	19293.900000
s	1732730640	19293.900000	1732730940	19286.900000
b	1732733700	19282.900000	1732734420	19280.900000
b	1732734420	19280.900000	1732734660	19277.900000
b	1732734660	19277.900000	1732735140	19277.900000
b	1732735140	19277.900000	1732735260	19271.900000
b	1732735380	19277.900000	1732735620	19271.900000
b	1732735740	19278.900000	1732736460	19278.900000
b	1732736460	19278.900000	1732736700	19284.900000
s	1732736700	19284.900000	1732737480	19286.900000
b	1732737480	19286.900000	1732753800	19311.300000
b	1732753800	19311.300000	1732755240	19323.300000
b	1732755240	19323.300000	1732755840	19328.300000
s	1732758240	19334.600000	1732759440	19338.600000
s	1732759440	19338.600000	1732759800	19339.600000
b	1732759800	19339.600000	1732760160	19337.100000
s	1732760160	19337.100000	1732760820	19335.600000
b	1732762380	19352.600000	1732762680	19355.600000
b	1732762680	19355.600000	1732762980	19353.600000
b	1732762980	19353.600000	1732763760	19348.600000
s	1732763760	19348.600000	1732764240	19344.600000
s	1732764240	19344.600000	1732764480	19348.600000
b	1732764480	19348.600000	1732765380	19350.600000
s	1732765380	19350.600000	1732766160	19349.600000
s	1732766160	19349.600000	1732766400	19345.600000
b	1732766400	19345.600000	1732766460	19349.600000
s	1732766760	19342.600000	1732767120	19346.600000
s	1732767180	19340.600000	1732767420	19349.600000
b	1732768080	19347.600000	1732769160	19355.600000
b	1732769160	19355.600000	1732769520	19358.600000
s	1732769940	19356.600000	1732770480	19357.600000
b	1732770480	19357.600000	1732771020	19349.600000
s	1732771020	19349.600000	1732771440	19351.600000
b	1732771440	19351.600000	1732771680	19347.600000
b	1732772400	19345.600000	1732773360	19339.600000
b	1732773360	19339.600000	1732773420	19335.600000
s	1732773420	19335.600000	1732773900	19339.600000
b	1732773900	19339.600000	1732774560	19349.900000
b	1732774560	19349.900000	1732776300	19334.900000
s	1732776300	19334.900000	1732777800	19380.900000
b	1732777800	19380.900000	1732778340	19381.900000
s	1732778340	19381.900000	1732779120	19383.900000
s	1732779420	19405.900000	1732779780	19390.900000
b	1732779780	19390.900000	1732780380	19393.900000
b	1732780380	19393.900000	1732781280	19398.700000
s	1732781280	19398.700000	1732781640	19405.900000
s	1732781640	19405.900000	1732783080	19422.900000
b	1732783080	19422.900000	1732783500	19436.900000
s	1732784220	19438.900000	1732785120	19442.900000
b	1732785120	19442.900000	1732785360	19430.900000
s	1732785360	19430.900000	1732786740	19408.900000
s	1732786740	19408.900000	1732787700	19407.900000
b	1732788480	19407.900000	1732788600	19401.900000
b	1732792260	19397.900000	1732792860	19397.900000
b	1732792860	19397.900000	1732793100	19402.900000
s	1732793100	19402.900000	1732793940	19403.900000
s	1732793940	19403.900000	1732794780	19393.900000
b	1732794780	19393.900000	1732795920	19396.900000
b	1732795920	19396.900000	1732796040	19410.900000
b	1732796040	19410.900000	1732796460	19400.900000
b	1732796460	19400.900000	1732797540	19377.900000
s	1732797540	19377.900000	1732798800	19402.900000
s	1732798800	19402.900000	1732798980	19414.900000
s	1732798980	19414.900000	1732800540	19426.900000
b	1732800540	19426.900000	1732800600	19432.900000
s	1732800720	19426.900000	1732801260	19426.900000
s	1732802820	19417.900000	1732803240	19426.900000
b	1732803240	19426.900000	1732804140	19431.900000
s	1732805520	19426.900000	1732806000	19427.900000
b	1732806000	19427.900000	1732806540	19423.900000
b	1732806540	19423.900000	1732806780	19433.900000
s	1732806780	19433.900000	1732807080	19423.900000
s	1732807080	19423.900000	1732807380	19433.900000
b	1732807380	19433.900000	1732808220	19435.900000
b	1732808220	19435.900000	1732809300	19440.900000
s	1732809300	19440.900000	1732810320	19440.900000
b	1732810320	19440.900000	1732810800	19442.900000
s	1732810800	19442.900000	1732810980	19438.900000
s	1732810980	19438.900000	1732811340	19442.900000
b	1732811880	19441.900000	1732813740	19433.900000
s	1732813740	19433.900000	1732814220	19430.900000
b	1732814220	19430.900000	1732814880	19427.900000
b	1732814880	19427.900000	1732816020	19431.900000
s	1732816020	19431.900000	1732816800	19431.900000
s	1732817280	19430.900000	1732817700	19429.900000
b	1732817700	19429.900000	1732818600	19429.900000
s	1732819320	19427.900000	1732819380	19428.900000
s	1732820160	19430.900000	1732820340	19433.900000
b	1732820340	19433.900000	1732820400	19430.900000
b	1732820400	19430.900000	1732821120	19429.900000
b	1732821360	19428.900000	1732821720	19430.900000
b	1732840620	19414.600000	1732840920	19408.600000
b	1732841100	19413.300000	1732841400	19408.600000
b	1732841400	19408.600000	1732841760	19413.600000
s	1732843260	19417.100000	1732843800	19414.600000
s	1732843800	19414.600000	1732843920	19416.600000
s	1732843920	19416.600000	1732844040	19414.600000
b	1732844040	19414.600000	1732844340	19417.100000
s	1732845720	19415.600000	1732845780	19417.100000
s	1732845900	19417.100000	1732846080	19415.600000
s	1732846560	19417.100000	1732846800	19414.600000
s	1732846800	19414.600000	1732847220	19416.600000
s	1732847220	19416.600000	1732847580	19413.600000
b	1732848180	19415.600000	1732850760	19432.600000
b	1732850760	19432.600000	1732851420	19431.600000
b	1732851420	19431.600000	1732852920	19439.100000
b	1732852920	19439.100000	1732853940	19434.600000
b	1732853940	19434.600000	1732854180	19432.600000
s	1732854180	19432.600000	1732855440	19418.600000
b	1732855560	19418.600000	1732856580	19419.600000
s	1732856580	19419.600000	1732856760	19422.600000
b	1732856760	19422.600000	1732857300	19421.600000
b	1732857300	19421.600000	1732857720	19423.600000
s	1732858140	19420.600000	1732858200	19424.600000
s	1732858200	19424.600000	1732858680	19424.600000
s	1732859880	19408.600000	1732860060	19400.600000
b	1732860180	19410.900000	1732860900	19418.900000
s	1732860900	19418.900000	1732861380	19419.900000
s	1732861380	19419.900000	1732861560	19407.900000
b	1732862280	19406.900000	1732863180	19418.900000
s	1732865340	19421.900000	1732866000	19421.900000
b	1732867260	19409.900000	1732867440	19426.900000
b	1732867440	19426.900000	1732867980	19417.900000
s	1732867980	19417.900000	1732868640	19407.900000
s	1732869240	19398.900000	1732869360	19408.900000
s	1732871040	19427.700000	1732871520	19421.900000
b	1732874280	19447.900000	1732875000	19446.900000
b	1732875000	19446.900000	1732875300	19437.700000
s	1732875300	19437.700000	1732875540	19446.900000
b	1732877400	19499.400000	1732877520	19510.400000
s	1732877640	19499.400000	1732877760	19511.400000
b	1732881840	19515.400000	1732882140	19526.400000
s	1732882140	19526.400000	1732882560	19520.400000
s	1732882560	19520.400000	1732883760	19490.400000
b	1732884120	19480.400000	1732885200	19467.400000
b	1732885200	19467.400000	1732885680	19473.400000
s	1732885680	19473.400000	1732885860	19483.200000
s	1732885920	19473.400000	1732886400	19484.400000
b	1732886400	19484.400000	1732887000	19482.400000
b	1732887000	19482.400000	1732887060	19494.400000
s	1732887060	19494.400000	1732887660	19500.400000
b	1732887660	19500.400000	1732888080	19516.400000
b	1732888080	19516.400000	1732889880	19547.400000
b	1732889880	19547.400000	1732890660	19548.400000
s	1732892400	19574.400000	1732893540	19631.400000
b	1732893540	19631.400000	1732893960	19640.400000
b	1732894440	19640.400000	1732894800	19650.400000
s	1732895700	19650.400000	1732896300	19651.400000
b	1732896300	19651.400000	1732896540	19648.400000
b	1732897380	19655.400000	1732897800	19658.400000
b	1732897800	19658.400000	1732899180	19688.400000
s	1732901460	19671.400000	1732902060	19674.400000
b	1732902540	19674.400000	1732903020	19675.400000
b	1732905720	19663.400000	1732906140	19662.400000
b	1732906680	19663.400000	1732906740	19662.400000
b	1732907400	19657.400000	1732908000	19654.400000
s	1732908000	19654.400000	1732908180	19656.400000
b	1732908180	19656.400000	1732908660	19656.400000
b	1732908660	19656.400000	1732908840	19663.400000
b	1733100300	19626.400000	1733100600	19630.400000
b	1733100600	19630.400000	1733101020	19626.100000
s	1733101020	19626.100000	1733101980	19622.400000
b	1733101980	19622.400000	1733102100	19618.900000
b	1733102280	19622.400000	1733103300	19627.900000
b	1733103840	19629.400000	1733105160	19629.100000
b	1733105160	19629.100000	1733105460	19632.400000
s	1733105460	19632.400000	1733105880	19629.400000
s	1733105880	19629.400000	1733106540	19628.400000
s	1733106540	19628.400000	1733107140	19624.400000
b	1733107140	19624.400000	1733107260	19627.400000
s	1733107260	19627.400000	1733107860	19632.400000
s	1733107860	19632.400000	1733108340	19632.400000
s	1733108340	19632.400000	1733108880	19639.400000
b	1733108880	19639.400000	1733109840	19638.400000
s	1733109840	19638.400000	1733110560	19642.400000
s	1733110620	19646.400000	1733110680	19642.400000
s	1733110680	19642.400000	1733111160	19644.400000
b	1733111160	19644.400000	1733111220	19640.400000
s	1733111220	19640.400000	1733113380	19616.400000
s	1733114100	19619.100000	1733115360	19615.400000
b	1733115360	19615.400000	1733115600	19605.400000
s	1733115600	19605.400000	1733116560	19593.400000
s	1733116560	19593.400000	1733116740	19585.400000
s	1733116740	19585.400000	1733117100	19591.400000
b	1733117100	19591.400000	1733117280	19583.400000
b	1733117280	19583.400000	1733118480	19590.400000
s	1733118480	19590.400000	1733118720	19584.400000
b	1733118720	19584.400000	1733119020	19591.400000
s	1733119020	19591.400000	1733119320	19589.400000
b	1733119320	19589.400000	1733119560	19608.700000
s	1733120280	19612.700000	1733121120	19623.700000
s	1733121120	19623.700000	1733121840	19621.700000
s	1733121840	19621.700000	1733122260	19612.300000
b	1733124060	19623.700000	1733124360	19606.700000
b	1733124360	19606.700000	1733124780	19621.700000
s	1733126040	19623.700000	1733126700	19625.700000
s	1733126700	19625.700000	1733127120	19640.700000
b	1733127420	19629.700000	1733128260	19622.700000
b	1733128260	19622.700000	1733129880	19645.700000
b	1733129880	19645.700000	1733130120	19652.700000
s	1733130120	19652.700000	1733131620	19734.700000
s	1733131620	19734.700000	1733131980	19743.700000
b	1733136000	19811.700000	1733138220	19873.700000
b	1733138220	19873.700000	1733138940	19876.700000
b	1733138940	19876.700000	1733139180	19863.700000
s	1733139180	19863.700000	1733139720	19868.700000
b	1733143140	19906.700000	1733143200	19920.700000
b	1733143200	19920.700000	1733143800	19924.700000
b	1733143800	19924.700000	1733145240	19881.700000
s	1733146500	19895.700000	1733146800	19910.700000
b	1733148540	19848.500000	1733149020	19828.700000
s	1733149020	19828.700000	1733149380	19837.700000
b	1733149740	19824.700000	1733150100	19838.700000
b	1733151600	19875.700000	1733152920	19922.700000
b	1733152920	19922.700000	1733153340	19930.700000
s	1733154240	19954.700000	1733155080	19941.700000
b	1733155080	19941.700000	1733155380	19933.700000
s	1733155380	19933.700000	1733156100	19932.700000
s	1733156520	19933.700000	1733157000	19927.700000
s	1733157000	19927.700000	1733157300	19934.700000
b	1733157300	19934.700000	1733158260	19941.700000
b	1733158260	19941.700000	1733159340	19936.700000
b	1733159340	19936.700000	1733159700	19931.700000
s	1733159700	19931.700000	1733160120	19932.700000
s	1733160120	19932.700000	1733160720	19932.700000
s	1733160720	19932.700000	1733161140	19936.700000
s	1733161620	19935.700000	1733161800	19938.700000
b	1733163180	19934.700000	1733163780	19934.700000
s	1733163780	19934.700000	1733165040	19945.700000
s	1733165100	19949.700000	1733166240	19954.700000
b	1733166600	19958.700000	1733166960	19954.700000
s	1733166960	19954.700000	1733167380	19958.700000
b	1733167380	19958.700000	1733167740	19954.700000
s	1733167740	19954.700000	1733168220	19954.700000
s	1733168220	19954.700000	1733168580	19950.700000
b	1733168580	19950.700000	1733169120	19946.700000
b	1733169120	19946.700000	1733185800	19940.500000
s	1733185800	19940.500000	1733185980	19948.500000
s	1733186880	19943.500000	1733189520	19922.500000
b	1733189520	19922.500000	1733190060	19919.500000
s	1733190060	19919.500000	1733190420	19921.500000
b	1733190420	19921.500000	1733191920	19934.500000
s	1733191920	19934.500000	1733192040	19940.200000
s	1733192040	19940.200000	1733192580	19942.000000
s	1733192580	19942.000000	1733193120	19944.500000
b	1733193120	19944.500000	1733194500	19953.500000
s	1733194500	19953.500000	1733195400	19949.500000
s	1733199300	19948.500000	1733200140	19955.500000
b	1733200860	19955.500000	1733201220	19958.500000
b	1733202420	19961.500000	1733204400	19939.500000
s	1733204400	19939.500000	1733204760	19933.500000
b	1733204940	19941.500000	1733205300	19934.500000
s	1733205300	19934.500000	1733205840	19932.500000
s	1733205840	19932.500000	1733206440	19930.800000
s	1733206440	19930.800000	1733206800	19941.800000
s	1733209140	19932.800000	1733209260	19960.800000
b	1733209260	19960.800000	1733210040	19994.800000
b	1733210040	19994.800000	1733210280	20016.800000
s	1733210700	20006.800000	1733210940	20022.800000
b	1733210940	20022.800000	1733211780	20029.800000
s	1733211780	20029.800000	1733212080	20042.800000
s	1733212080	20042.800000	1733212620	20039.800000
b	1733213400	20023.800000	1733213640	20004.800000
s	1733213640	20004.800000	1733214300	20012.800000
b	1733215260	20008.600000	1733216520	20011.600000
s	1733216520	20011.600000	1733218380	20002.600000
s	1733218620	19990.600000	1733219160	19995.600000
b	1733219580	19988.600000	1733219820	19999.600000
s	1733219820	19999.600000	1733220120	19988.600000
s	1733220120	19988.600000	1733221020	19977.600000
s	1733221020	19977.600000	1733221560	19977.600000
s	1733221560	19977.600000	1733222100	19979.600000
s	1733222100	19979.600000	1733222460	19974.600000
b	1733222880	19984.600000	1733224260	19993.600000
b	1733224260	19993.600000	1733224800	19988.600000
b	1733224800	19988.600000	1733225280	19988.600000
s	1733225280	19988.600000	1733225520	19996.600000
b	1733225520	19996.600000	1733225940	19991.600000
s	1733225940	19991.600000	1733226780	19994.600000
b	1733226780	19994.600000	1733226900	19983.600000
s	1733226900	19983.600000	1733227260	19993.600000
b	1733227860	20000.600000	1733228340	20006.600000
s	1733228640	19995.600000	1733228940	20002.600000
b	1733228940	20002.600000	1733229840	20005.600000
b	1733229840	20005.600000	1733230920	19989.600000
s	1733230920	19989.600000	1733231220	19970.600000
s	1733231220	19970.600000	1733232060	19970.600000
s	1733232060	19970.600000	1733232300	19953.600000
b	1733232300	19953.600000	1733232600	19969.600000
b	1733232600	19969.600000	1733234040	19972.600000
b	1733234340	19981.600000	1733235060	19998.600000
b	1733235060	19998.600000	1733235540	20007.600000
s	1733235540	20007.600000	1733235600	19994.600000
s	1733235600	19994.600000	1733236320	19995.600000
s	1733236320	19995.600000	1733236980	20002.600000
b	1733236980	20002.600000	1733237340	20011.600000
b	1733237340	20011.600000	1733237760	20006.600000
b	1733238000	20019.600000	1733238540	20022.600000
b	1733238540	20022.600000	1733238660	20031.600000
s	1733238660	20031.600000	1733238960	20022.600000
s	1733239260	20031.600000	1733240100	20040.600000
b	1733240100	20040.600000	1733240940	20019.600000
s	1733240940	20019.600000	1733241540	20015.600000
s	1733241540	20015.600000	1733241960	20025.600000
s	1733241960	20025.600000	1733243160	20032.600000
s	1733243160	20032.600000	1733243460	20038.600000
s	1733243460	20038.600000	1733244660	20047.600000
s	1733244660	20047.600000	1733244720	20054.600000
s	1733245200	20049.600000	1733245440	20052.600000
s	1733245740	20046.600000	1733247300	20036.600000
s	1733247300	20036.600000	1733247720	20034.600000
s	1733247720	20034.600000	1733248200	20035.600000
b	1733248200	20035.600000	1733248560	20030.600000
s	1733248560	20030.600000	1733249160	20033.600000
s	1733249160	20033.600000	1733249520	20029.600000
s	1733249520	20029.600000	1733249940	20032.600000
b	1733249940	20032.600000	1733251020	20039.600000
s	1733251020	20039.600000	1733251500	20042.600000
b	1733251500	20042.600000	1733252220	20043.600000
b	1733252220	20043.600000	1733252940	20041.600000
b	1733252940	20041.600000	1733253000	20037.600000
s	1733253000	20037.600000	1733253840	20034.600000
s	1733272980	20031.100000	1733273820	20032.100000
s	1733274060	20037.100000	1733274720	20040.100000
s	1733274720	20040.100000	1733275320	20041.100000
b	1733275320	20041.100000	1733275860	20046.100000
b	1733276940	20045.100000	1733277180	20040.100000
b	1733278860	20050.100000	1733279460	20054.100000
b	1733279460	20054.100000	1733280600	20070.100000
b	1733280600	20070.100000	1733280960	20072.100000
b	1733282160	20065.100000	1733282580	20063.100000
s	1733283540	20057.100000	1733283660	20061.100000
b	1733284320	20060.100000	1733284440	20064.100000
b	1733284440	20064.100000	1733284680	20060.100000
b	1733285220	20057.100000	1733285340	20052.600000
s	1733286060	20054.100000	1733287740	20061.100000
b	1733287740	20061.100000	1733287860	20064.100000
b	1733287860	20064.100000	1733287920	20061.100000
b	1733290860	20044.600000	1733291460	20046.600000
b	1733291880	20050.100000	1733292120	20044.600000
s	1733292120	20044.600000	1733292780	20053.400000
b	1733292780	20053.400000	1733293080	20041.400000
b	1733293080	20041.400000	1733293500	20044.400000
s	1733295000	20060.400000	1733295120	20069.400000
b	1733296740	20134.400000	1733298480	20184.400000
s	1733298480	20184.400000	1733298840	20197.200000
s	1733299560	20196.200000	1733300040	20207.400000
b	1733300040	20207.400000	1733300520	20184.400000
s	1733300520	20184.400000	1733300700	20201.700000
s	1733302080	20213.100000	1733302260	20227.400000
b	1733302260	20227.400000	1733302740	20216.400000
b	1733302860	20229.400000	1733303580	20218.400000
s	1733303580	20218.400000	1733304660	20193.400000
s	1733305020	20186.400000	1733305620	20194.400000
b	1733305620	20194.400000	1733307000	20216.400000
s	1733307000	20216.400000	1733307780	20218.400000
b	1733309520	20228.400000	1733310480	20237.400000
s	1733310480	20237.400000	1733311020	20242.400000
s	1733311620	20241.400000	1733314260	20176.900000
s	1733315700	20194.900000	1733315940	20211.900000
b	1733315940	20211.900000	1733316600	20215.900000
s	1733316600	20215.900000	1733316960	20222.900000
b	1733316960	20222.900000	1733319000	20233.900000
b	1733319000	20233.900000	1733320200	20230.900000
b	1733320200	20230.900000	1733320800	20218.100000
s	1733321100	20234.900000	1733321400	20220.700000
s	1733321400	20220.700000	1733322000	20226.900000
b	1733322000	20226.900000	1733323320	20257.900000
s	1733323320	20257.900000	1733324100	20253.900000
b	1733325060	20239.200000	1733325180	20229.900000
b	1733326020	20233.900000	1733326140	20238.900000
s	1733327040	20246.900000	1733327340	20256.700000
s	1733327340	20256.700000	1733327940	20252.900000
s	1733329800	20228.900000	1733330340	20228.900000
b	1733330340	20228.900000	1733330460	20222.900000
s	1733330460	20222.900000	1733330640	20230.900000
b	1733330640	20230.900000	1733331600	20234.900000
b	1733332200	20237.900000	1733332380	20231.900000
b	1733332380	20231.900000	1733333940	20214.900000
s	1733335200	20229.900000	1733335320	20239.900000
b	1733335680	20231.900000	1733336220	20235.900000
s	1733336220	20235.900000	1733336520	20231.900000
b	1733336520	20231.900000	1733337180	20232.900000
b	1733339040	20249.900000	1733339520	20247.900000
b	1733339520	20247.900000	1733339940	20249.900000
b	1733339940	20249.900000	1733340420	20249.900000
s	1733341560	20249.900000	1733342160	20251.900000
b	1733342160	20251.900000	1733359020	20239.400000
b	1733359020	20239.400000	1733359380	20236.400000
s	1733360640	20228.400000	1733361240	20233.400000
b	1733361240	20233.400000	1733361420	20236.400000
b	1733362080	20235.400000	1733362260	20238.400000
b	1733362260	20238.400000	1733362680	20235.400000
s	1733366160	20227.400000	1733366520	20231.400000
s	1733366520	20231.400000	1733367300	20236.400000
b	1733367300	20236.400000	1733367960	20235.900000
s	1733367960	20235.900000	1733368260	20231.400000
b	1733368920	20229.400000	1733369400	20229.400000
s	1733369400	20229.400000	1733369640	20225.400000
s	1733369640	20225.400000	1733370180	20225.400000
b	1733370180	20225.400000	1733371020	20225.400000
s	1733371020	20225.400000	1733371380	20229.400000
b	1733373360	20230.400000	1733373660	20226.400000
b	1733373660	20226.400000	1733374080	20227.400000
s	1733374080	20227.400000	1733375100	20239.400000
b	1733375400	20243.400000	1733375460	20238.400000
b	1733376240	20231.400000	1733376600	20233.400000
s	1733376600	20233.400000	1733376720	20225.400000
s	1733376720	20225.400000	1733377620	20228.400000
s	1733377800	20222.400000	1733378280	20222.900000
b	1733378280	20222.900000	1733378460	20216.300000
s	1733378460	20216.300000	1733378520	20228.400000
s	1733378520	20228.400000	1733379240	20224.700000
s	1733379240	20224.700000	1733379480	20235.700000
b	1733380140	20232.700000	1733380200	20240.700000
b	1733381820	20236.700000	1733382060	20251.700000
b	1733382060	20251.700000	1733384640	20294.700000
b	1733384640	20294.700000	1733385060	20303.700000
s	1733385060	20303.700000	1733386020	20299.700000
b	1733386440	20302.700000	1733386920	20298.700000
s	1733386920	20298.700000	1733388060	20293.700000
s	1733388060	20293.700000	1733388300	20278.700000
b	1733388660	20289.700000	1733390640	20328.700000
b	1733391000	20337.700000	1733391360	20329.700000
s	1733391660	20342.700000	1733391840	20327.700000
s	1733391840	20327.700000	1733392620	20318.700000
b	1733392620	20318.700000	1733393340	20314.700000
b	1733393340	20314.700000	1733393520	20324.700000
b	1733393520	20324.700000	1733394660	20327.700000
s	1733394660	20327.700000	1733394840	20338.700000
s	1733394840	20338.700000	1733395560	20338.700000
s	1733395560	20338.700000	1733396040	20337.700000
s	1733396340	20328.700000	1733396460	20338.700000
s	1733396460	20338.700000	1733396760	20328.700000
b	1733398500	20322.700000	1733399220	20329.700000
b	1733399220	20329.700000	1733399460	20336.700000
s	1733399880	20330.700000	1733401380	20319.700000
s	1733401380	20319.700000	1733401800	20314.700000
b	1733401920	20321.700000	1733402880	20323.700000
s	1733402880	20323.700000	1733403420	20332.700000
b	1733403420	20332.700000	1733403780	20321.700000
b	1733403780	20321.700000	1733404260	20334.700000
b	1733404440	20329.700000	1733404560	20336.700000
s	1733404980	20327.700000	1733405760	20318.700000
s	1733406960	20343.000000	1733407200	20355.700000
s	1733407200	20355.700000	1733407860	20375.400000
b	1733407860	20375.400000	1733408340	20380.700000
b	1733408760	20375.700000	1733409300	20374.700000
b	1733410200	20377.700000	1733411100	20378.700000
b	1733411100	20378.700000	1733411280	20371.700000
b	1733411580	20378.700000	1733411820	20370.700000
s	1733414280	20374.700000	1733415360	20378.700000
s	1733415360	20378.700000	1733415600	20383.700000
b	1733415600	20383.700000	1733415900	20375.700000
b	1733416740	20376.700000	1733416980	20380.700000
s	1733416980	20380.700000	1733418060	20383.700000
b	1733418300	20386.700000	1733418600	20383.700000
b	1733418600	20383.700000	1733419920	20363.800000
b	1733423280	20373.800000	1733423700	20374.800000
b	1733423700	20374.800000	1733424180	20370.800000
b	1733424300	20378.800000	1733424660	20371.800000
b	1733424660	20371.800000	1733425080	20376.800000
s	1733426520	20372.800000	1733426640	20364.800000
s	1733427240	20362.800000	1733428080	20364.800000
b	1733446260	20335.500000	1733449560	20352.000000
s	1733450580	20338.500000	1733451300	20337.200000
b	1733451300	20337.200000	1733451960	20337.500000
b	1733451960	20337.500000	1733452200	20334.500000
s	1733452320	20338.500000	1733452920	20339.500000
b	1733452920	20339.500000	1733453040	20344.500000
s	1733453280	20339.500000	1733453760	20340.500000
s	1733454060	20334.500000	1733455080	20327.500000
s	1733455080	20327.500000	1733456460	20331.500000
s	1733456460	20331.500000	1733456700	20334.500000
b	1733456700	20334.500000	1733459460	20346.500000
b	1733459460	20346.500000	1733459700	20351.500000
s	1733459700	20351.500000	1733460180	20349.500000
b	1733461380	20349.500000	1733461500	20355.500000
s	1733462040	20357.500000	1733463000	20363.500000
b	1733463000	20363.500000	1733463840	20354.500000
b	1733463840	20354.500000	1733464020	20351.500000
s	1733464020	20351.500000	1733464800	20344.500000
b	1733464800	20344.500000	1733466240	20377.800000
b	1733466240	20377.800000	1733467200	20368.800000
b	1733467200	20368.800000	1733467560	20363.800000
b	1733467560	20363.800000	1733467800	20372.800000
s	1733467800	20372.800000	1733468280	20366.800000
s	1733468280	20366.800000	1733468400	20375.800000
b	1733468400	20375.800000	1733468880	20369.800000
s	1733469600	20359.800000	1733469900	20375.800000
s	1733469900	20375.800000	1733471760	20417.600000
b	1733472540	20418.800000	1733473020	20409.800000
b	1733473020	20409.800000	1733473380	20425.800000
s	1733473380	20425.800000	1733473860	20419.800000
b	1733474040	20429.800000	1733474400	20424.800000
s	1733474400	20424.800000	1733474940	20432.800000
b	1733474940	20432.800000	1733475420	20430.800000
s	1733476860	20423.800000	1733477100	20409.800000
b	1733479260	20426.800000	1733479680	20414.800000
b	1733479680	20414.800000	1733479920	20425.800000
s	1733479920	20425.800000	1733480400	20422.800000
s	1733480400	20422.800000	1733481060	20415.800000
b	1733481060	20415.800000	1733481720	20415.800000
s	1733482080	20424.800000	1733482320	20415.800000
b	1733482320	20415.800000	1733482800	20417.800000
b	1733483340	20423.800000	1733483940	20424.800000
s	1733483940	20424.800000	1733484840	20425.800000
s	1733484840	20425.800000	1733485260	20429.800000
s	1733485260	20429.800000	1733485740	20429.800000
s	1733485740	20429.800000	1733485980	20436.800000
b	1733485980	20436.800000	1733486460	20431.800000
b	1733487120	20430.800000	1733487240	20438.800000
b	1733487240	20438.800000	1733487660	20435.800000
b	1733487660	20435.800000	1733487840	20443.800000
s	1733487960	20434.800000	1733488260	20447.600000
s	1733488260	20447.600000	1733488920	20431.100000
b	1733488920	20431.100000	1733489340	20446.800000
b	1733489340	20446.800000	1733489520	20431.800000
b	1733489520	20431.800000	1733490060	20438.800000
s	1733491860	20414.800000	1733492640	20420.600000
b	1733492760	20404.300000	1733493180	20420.300000
s	1733493180	20420.300000	1733493360	20402.300000
b	1733493360	20402.300000	1733493600	20422.300000
s	1733494500	20414.300000	1733495160	20420.300000
s	1733495160	20420.300000	1733495400	20408.300000
s	1733495400	20408.300000	1733495820	20419.300000
b	1733495820	20419.300000	1733496000	20409.300000
b	1733496000	20409.300000	1733497500	20405.300000
b	1733497800	20399.300000	1733498460	20405.300000
s	1733499720	20408.300000	1733500440	20407.300000
b	1733500440	20407.300000	1733500740	20403.300000
s	1733500740	20403.300000	1733501400	20398.300000
s	1733501400	20398.300000	1733502600	20402.300000
s	1733502600	20402.300000	1733503140	20403.300000
b	1733503380	20400.300000	1733503860	20403.300000
s	1733503860	20403.300000	1733504400	20401.300000
s	1733504400	20401.300000	1733504640	20405.300000
b	1733504640	20405.300000	1733505300	20411.300000
b	1733505300	20411.300000	1733505600	20416.300000
s	1733505600	20416.300000	1733505900	20412.300000
b	1733506320	20412.300000	1733506380	20408.300000
s	1733507220	20405.300000	1733507880	20405.300000
s	1733507880	20405.300000	1733508960	20399.300000
b	1733509800	20398.300000	1733510220	20400.300000
s	1733511300	20407.300000	1733511360	20413.300000
b	1733511420	20407.300000	1733512320	20404.300000
s	1733512320	20404.300000	1733512740	20401.500000
b	1733512740	20401.500000	1733512860	20406.300000
b	1733512860	20406.300000	1733513040	20401.500000
s	1733514120	20404.300000	1733514600	20406.300000
s	1733514600	20406.300000	1733705460	20422.500000
b	1733705460	20422.500000	1733705880	20424.500000
b	1733705880	20424.500000	1733706780	20429.500000
b	1733706780	20429.500000	1733708760	20414.200000
s	1733708760	20414.200000	1733709420	20413.500000
s	1733709420	20413.500000	1733709780	20415.500000
b	1733709780	20415.500000	1733710200	20414.500000
s	1733710200	20414.500000	1733711340	20410.500000
s	1733711340	20410.500000	1733711880	20405.500000
b	1733711880	20405.500000	1733712060	20410.500000
b	1733712060	20410.500000	1733712360	20405.500000
b	1733712360	20405.500000	1733713080	20404.500000
b	1733713860	20406.500000	1733714040	20402.500000
s	1733714040	20402.500000	1733714160	20407.000000
b	1733714520	20403.500000	1733714880	20407.500000
b	1733714880	20407.500000	1733715120	20404.500000
s	1733715120	20404.500000	1733715180	20409.000000
s	1733716080	20410.500000	1733716200	20407.500000
b	1733716200	20407.500000	1733716380	20410.500000
b	1733716380	20410.500000	1733717760	20413.500000
b	1733717760	20413.500000	1733719440	20405.500000
s	1733719440	20405.500000	1733719980	20405.500000
s	1733719980	20405.500000	1733720220	20406.500000
s	1733720220	20406.500000	1733720700	20406.500000
s	1733720700	20406.500000	1733721420	20408.500000
b	1733721420	20408.500000	1733721900	20409.500000
b	1733721900	20409.500000	1733722080	20414.500000
b	1733722140	20409.500000	1733722980	20409.500000
b	1733722980	20409.500000	1733723400	20407.500000
b	1733724180	20406.500000	1733724540	20397.400000
s	1733724540	20397.400000	1733724780	20407.800000
s	1733727300	20472.000000	1733727600	20482.800000
b	1733727840	20469.800000	1733728560	20448.800000
s	1733730360	20430.800000	1733730420	20441.800000
s	1733730420	20441.800000	1733730840	20429.800000
b	1733730840	20429.800000	1733732160	20399.800000
b	1733733540	20401.800000	1733733720	20389.800000
s	1733737140	20359.300000	1733737560	20363.300000
b	1733737560	20363.300000	1733738880	20376.300000
b	1733738880	20376.300000	1733739540	20382.300000
s	1733739540	20382.300000	1733740140	20386.300000
b	1733740140	20386.300000	1733740980	20389.300000
s	1733740980	20389.300000	1733741220	20379.300000
s	1733741460	20387.300000	1733741760	20379.300000
b	1733741760	20379.300000	1733741880	20387.300000
b	1733742660	20395.300000	1733743320	20399.300000
s	1733743320	20399.300000	1733743920	20400.300000
s	1733743920	20400.300000	1733744220	20405.300000
b	1733744220	20405.300000	1733744700	20398.300000
s	1733744700	20398.300000	1733745180	20401.300000
s	1733745180	20401.300000	1733745480	20393.300000
s	1733746320	20384.300000	1733746500	20396.300000
b	1733746500	20396.300000	1733748960	20422.300000
s	1733748960	20422.300000	1733749320	20428.300000
s	1733749320	20428.300000	1733749620	20425.000000
b	1733749620	20425.000000	1733750220	20429.300000
s	1733750220	20429.300000	1733751000	20433.300000
s	1733751480	20436.300000	1733751840	20425.300000
s	1733751840	20425.300000	1733752080	20436.300000
s	1733752080	20436.300000	1733752800	20436.300000
s	1733752800	20436.300000	1733752860	20445.300000
b	1733752860	20445.300000	1733752980	20434.300000
s	1733754780	20412.300000	1733755560	20408.300000
s	1733755560	20408.300000	1733756040	20403.300000
s	1733756340	20391.300000	1733757420	20371.300000
b	1733758320	20377.300000	1733758800	20381.300000
b	1733758800	20381.300000	1733759940	20386.300000
s	1733759940	20386.300000	1733760600	20380.300000
b	1733760600	20380.300000	1733760780	20372.300000
b	1733760780	20372.300000	1733760900	20380.300000
b	1733762280	20372.300000	1733763120	20368.300000
s	1733763120	20368.300000	1733763900	20362.300000
s	1733763900	20362.300000	1733765640	20367.300000
b	1733765640	20367.300000	1733765700	20371.300000
s	1733765700	20371.300000	1733766900	20394.300000
b	1733767740	20386.300000	1733768160	20383.300000
b	1733770920	20365.300000	1733771340	20366.300000
b	1733771340	20366.300000	1733771580	20360.300000
b	1733772060	20361.300000	1733772660	20360.300000
s	1733773140	20356.300000	1733773800	20355.300000
s	1733773800	20355.300000	1733773920	20347.300000
b	1733773920	20347.300000	1733791860	20302.000000
b	1733791860	20302.000000	1733792280	20295.700000
s	1733792280	20295.700000	1733792460	20302.000000
s	1733792460	20302.000000	1733792520	20295.500000
s	1733792520	20295.500000	1733792760	20302.000000
b	1733793180	20299.000000	1733794380	20297.000000
s	1733795100	20295.000000	1733795880	20289.000000
s	1733795880	20289.000000	1733796360	20290.000000
b	1733796360	20290.000000	1733796540	20296.000000
b	1733796540	20296.000000	1733797620	20308.700000
s	1733797620	20308.700000	1733798700	20300.000000
s	1733798700	20300.000000	1733799300	20306.000000
b	1733799300	20306.000000	1733799780	20308.500000
s	1733799780	20308.500000	1733801220	20311.000000
s	1733801220	20311.000000	1733801580	20313.000000
s	1733801580	20313.000000	1733801700	20311.000000
s	1733801700	20311.000000	1733801820	20313.000000
s	1733801820	20313.000000	1733802540	20315.000000
b	1733803260	20317.000000	1733803860	20320.000000
b	1733803860	20320.000000	1733805480	20313.000000
s	1733805480	20313.000000	1733806320	20313.000000
b	1733806320	20313.000000	1733807820	20309.000000
b	1733810460	20319.300000	1733811420	20317.900000
b	1733811420	20317.900000	1733811960	20322.300000
b	1733813160	20334.300000	1733814300	20325.300000
b	1733814300	20325.300000	1733815200	20331.300000
s	1733815560	20343.300000	1733816520	20348.300000
b	1733816520	20348.300000	1733817360	20357.300000
b	1733817360	20357.300000	1733818320	20363.300000
s	1733818680	20374.300000	1733818980	20363.300000
b	1733819880	20346.300000	1733820480	20361.300000
b	1733820600	20351.300000	1733821020	20355.300000
b	1733821020	20355.300000	1733821320	20341.300000
s	1733821320	20341.300000	1733821500	20356.300000
b	1733821500	20356.300000	1733822220	20352.300000
b	1733822940	20349.300000	1733823360	20340.600000
b	1733823360	20340.600000	1733824380	20342.300000
b	1733826840	20379.300000	1733827020	20387.300000
b	1733827020	20387.300000	1733828280	20388.300000
b	1733828280	20388.300000	1733829000	20392.300000
b	1733829000	20392.300000	1733829420	20385.300000
b	1733829420	20385.300000	1733829540	20394.300000
b	1733831100	20392.300000	1733831400	20388.300000
b	1733831400	20388.300000	1733831520	20395.300000
b	1733832720	20411.300000	1733834280	20389.300000
s	1733834280	20389.300000	1733835420	20399.300000
s	1733835420	20399.300000	1733835660	20407.300000
s	1733838120	20388.300000	1733838600	20382.300000
s	1733838600	20382.300000	1733839080	20388.300000
s	1733839080	20388.300000	1733839920	20388.300000
s	1733839920	20388.300000	1733840220	20402.300000
b	1733840220	20402.300000	1733840700	20395.300000
b	1733841300	20387.300000	1733841720	20394.300000
b	1733842320	20396.300000	1733842860	20401.000000
b	1733842860	20401.000000	1733843100	20394.300000
b	1733843100	20394.300000	1733844300	20373.300000
s	1733846340	20360.300000	1733846700	20365.300000
b	1733847900	20365.300000	1733848800	20378.300000
b	1733848800	20378.300000	1733849220	20379.300000
b	1733853060	20371.300000	1733854680	20355.300000
s	1733855700	20367.300000	1733855760	20371.300000
b	1733855760	20371.300000	1733856360	20368.300000
b	1733856360	20368.300000	1733857080	20370.300000
b	1733857080	20370.300000	1733857200	20366.300000
s	1733857200	20366.300000	1733859660	20344.300000
s	1733859960	20338.300000	1733860200	20345.300000
b	1733860200	20345.300000	1733860680	20340.300000
b	1733860680	20340.300000	1733877960	20324.900000
s	1733877960	20324.900000	1733878500	20324.900000
b	1733878860	20327.900000	1733878920	20322.900000
b	1733878920	20322.900000	1733879460	20323.900000
b	1733879520	20319.900000	1733880300	20320.900000
b	1733880300	20320.900000	1733880660	20317.900000
b	1733881320	20317.900000	1733881980	20315.900000
s	1733881980	20315.900000	1733882400	20314.900000
b	1733883360	20311.900000	1733883900	20311.900000
b	1733884260	20313.900000	1733884440	20310.600000
b	1733884440	20310.600000	1733884500	20314.900000
s	1733884500	20314.900000	1733885640	20320.900000
b	1733885820	20323.900000	1733886180	20320.900000
s	1733886600	20322.400000	1733887140	20322.900000
s	1733887920	20319.400000	1733888220	20315.900000
s	1733888220	20315.900000	1733888820	20313.900000
s	1733888820	20313.900000	1733890140	20319.900000
b	1733891100	20326.900000	1733891280	20329.900000
s	1733891460	20326.900000	1733892120	20327.900000
b	1733894040	20340.900000	1733894460	20342.900000
b	1733894460	20342.900000	1733895420	20347.900000
b	1733895420	20347.900000	1733895840	20348.900000
b	1733895840	20348.900000	1733896140	20343.900000
b	1733896140	20343.900000	1733896440	20347.900000
b	1733897400	20366.200000	1733897880	20363.200000
s	1733897880	20363.200000	1733898240	20357.200000
b	1733898240	20357.200000	1733899260	20343.200000
b	1733900220	20344.200000	1733900880	20355.200000
s	1733900880	20355.200000	1733901120	20337.000000
s	1733901120	20337.000000	1733901660	20339.200000
b	1733902800	20351.200000	1733903460	20356.200000
b	1733904060	20353.200000	1733904420	20362.200000
s	1733904420	20362.200000	1733905140	20369.200000
s	1733906400	20370.700000	1733907060	20367.700000
s	1733907060	20367.700000	1733907540	20366.700000
b	1733907540	20366.700000	1733907720	20375.700000
b	1733907720	20375.700000	1733908020	20366.700000
b	1733908320	20376.700000	1733908620	20366.700000
b	1733908620	20366.700000	1733909340	20357.700000
b	1733910480	20362.700000	1733910900	20360.700000
s	1733910900	20360.700000	1733911020	20369.700000
b	1733911020	20369.700000	1733911440	20365.700000
b	1733911440	20365.700000	1733911980	20367.700000
b	1733911980	20367.700000	1733912100	20359.700000
s	1733912100	20359.700000	1733912940	20363.700000
b	1733912940	20363.700000	1733913540	20362.700000
b	1733913540	20362.700000	1733913660	20368.700000
b	1733913660	20368.700000	1733914800	20367.400000
s	1733914800	20367.400000	1733915580	20358.000000
s	1733916540	20360.700000	1733916900	20358.700000
s	1733916900	20358.700000	1733917500	20358.700000
b	1733917500	20358.700000	1733917980	20356.700000
s	1733917980	20356.700000	1733918400	20358.700000
b	1733919660	20355.700000	1733919720	20363.700000
b	1733919720	20363.700000	1733920920	20380.700000
b	1733920920	20380.700000	1733921760	20386.700000
b	1733922540	20380.700000	1733922720	20366.700000
b	1733923800	20372.700000	1733923920	20387.700000
b	1733923920	20387.700000	1733924400	20385.700000
b	1733924400	20385.700000	1733924700	20399.700000
s	1733924700	20399.700000	1733925420	20394.700000
b	1733925420	20394.700000	1733926200	20386.700000
s	1733926560	20378.700000	1733926920	20390.700000
b	1733926920	20390.700000	1733927640	20382.700000
s	1733928900	20388.700000	1733929080	20401.700000
b	1733930520	20425.700000	1733930700	20431.700000
b	1733931180	20431.700000	1733932500	20423.700000
s	1733933220	20426.700000	1733933340	20433.700000
s	1733933340	20433.700000	1733933760	20429.700000
b	1733934360	20427.700000	1733934540	20420.700000
s	1733934540	20420.700000	1733935140	20427.700000
b	1733935140	20427.700000	1733936640	20445.700000
b	1733936640	20445.700000	1733937300	20443.700000
s	1733937300	20443.700000	1733938560	20446.700000
b	1733938560	20446.700000	1733940000	20438.700000
s	1733940000	20438.700000	1733941200	20440.700000
s	1733941440	20444.700000	1733941800	20440.700000
s	1733942040	20444.700000	1733942580	20443.700000
s	1733942760	20448.700000	1733943960	20449.700000
b	1733943960	20449.700000	1733944500	20451.700000
b	1733944500	20451.700000	1733944560	20447.700000
s	1733944560	20447.700000	1733945160	20446.700000
b	1733945460	20443.700000	1733946840	20444.700000
b	1733946960	20438.700000	1733964180	20425.400000
s	1733964360	20421.400000	1733965200	20417.400000
b	1733965200	20417.400000	1733965680	20420.400000
s	1733965680	20420.400000	1733966040	20425.400000
s	1733968800	20434.400000	1733969040	20431.400000
b	1733969040	20431.400000	1733970000	20429.400000
s	1733970240	20427.400000	1733970480	20431.400000
b	1733971080	20431.400000	1733971680	20428.400000
s	1733971680	20428.400000	1733972520	20431.400000
s	1733972520	20431.400000	1733973120	20432.900000
s	1733975700	20418.400000	1733976000	20420.400000
b	1733976000	20420.400000	1733976240	20416.400000
b	1733976240	20416.400000	1733977860	20413.400000
s	1733977860	20413.400000	1733978400	20415.400000
s	1733978400	20415.400000	1733978940	20414.400000
b	1733979240	20411.900000	1733979540	20415.400000
b	1733979540	20415.400000	1733980320	20416.100000
b	1733982120	20396.400000	1733982240	20392.400000
s	1733983200	20393.900000	1733983260	20400.900000
s	1733983260	20400.900000	1733983860	20422.700000
b	1733983860	20422.700000	1733984400	20430.700000
b	1733984400	20430.700000	1733984520	20421.700000
b	1733985240	20413.700000	1733985840	20411.700000
b	1733985840	20411.700000	1733986260	20414.700000
b	1733987340	20451.700000	1733987640	20465.700000
s	1733987640	20465.700000	1733987760	20445.700000
s	1733988660	20449.700000	1733989020	20433.700000
b	1733990040	20449.700000	1733990520	20456.700000
b	1733990520	20456.700000	1733990820	20445.700000
b	1733991600	20448.700000	1733991960	20438.700000
b	1733992980	20432.700000	1733993160	20440.700000
b	1733993160	20440.700000	1733994000	20441.700000
s	1733994000	20441.700000	1733994420	20446.700000
s	1733994420	20446.700000	1733994540	20433.700000
s	1733994540	20433.700000	1733994960	20442.400000
b	1733994960	20442.400000	1733995140	20434.700000
b	1733995140	20434.700000	1733996400	20430.700000
b	1733996880	20428.700000	1733997540	20433.700000
b	1733997540	20433.700000	1733998200	20428.700000
s	1733998200	20428.700000	1733999100	20425.700000
s	1733999100	20425.700000	1733999160	20416.700000
b	1733999160	20416.700000	1733999280	20425.700000
s	1733999280	20425.700000	1734000000	20424.700000
s	1734000000	20424.700000	1734000480	20429.700000
b	1734000480	20429.700000	1734000780	20425.700000
s	1734000960	20424.700000	1734001380	20427.700000
b	1734001380	20427.700000	1734001740	20420.700000
s	1734001920	20430.700000	1734002160	20418.700000
b	1734002160	20418.700000	1734002460	20429.700000
b	1734002460	20429.700000	1734002880	20422.700000
b	1734002880	20422.700000	1734003360	20426.700000
s	1734005280	20426.700000	1734006840	20449.900000
s	1734008520	20455.700000	1734009120	20448.700000
b	1734009120	20448.700000	1734010200	20426.700000
b	1734011160	20425.700000	1734011340	20440.700000
b	1734011880	20444.700000	1734012600	20435.700000
b	1734012600	20435.700000	1734013140	20437.700000
b	1734013140	20437.700000	1734013800	20443.700000
s	1734013800	20443.700000	1734014340	20447.700000
b	1734014520	20434.700000	1734014940	20443.700000
b	1734017040	20434.700000	1734017100	20442.700000
s	1734017940	20442.700000	1734019080	20428.700000
b	1734019080	20428.700000	1734019200	20420.700000
b	1734019200	20420.700000	1734019320	20429.700000
b	1734019320	20429.700000	1734020460	20440.700000
s	1734020460	20440.700000	1734020880	20445.700000
s	1734020880	20445.700000	1734021360	20439.700000
s	1734021540	20444.700000	1734021660	20438.700000
s	1734021660	20438.700000	1734022500	20434.700000
s	1734022500	20434.700000	1734022980	20433.700000
b	1734022980	20433.700000	1734023340	20441.700000
b	1734025740	20435.700000	1734025920	20431.700000
s	1734025920	20431.700000	1734026700	20435.700000
b	1734027180	20428.700000	1734027960	20424.700000
b	1734027960	20424.700000	1734028980	20423.700000
s	1734028980	20423.700000	1734030360	20422.700000
b	1734030360	20422.700000	1734030720	20418.700000
s	1734030720	20418.700000	1734031080	20423.700000
b	1734031080	20423.700000	1734032340	20426.700000
s	1734032340	20426.700000	1734032460	20431.700000
b	1734032460	20431.700000	1734033300	20429.700000
b	1734033300	20429.700000	1734050700	20419.300000
s	1734050880	20417.300000	1734052560	20405.300000
b	1734052560	20405.300000	1734053820	20415.300000
s	1734053820	20415.300000	1734054360	20414.300000
s	1734055440	20415.300000	1734055860	20415.300000
b	1734055860	20415.300000	1734055920	20413.300000
b	1734055920	20413.300000	1734056340	20416.300000
s	1734057420	20416.300000	1734057780	20413.300000
s	1734058560	20415.300000	1734059460	20415.300000
s	1734059460	20415.300000	1734059520	20418.300000
b	1734061620	20430.300000	1734062880	20432.300000
b	1734062880	20432.300000	1734063720	20425.300000
s	1734063720	20425.300000	1734064440	20425.300000
s	1734064440	20425.300000	1734064560	20428.800000
b	1734064560	20428.800000	1734064920	20426.300000
b	1734066540	20423.300000	1734067140	20422.300000
s	1734067140	20422.300000	1734067860	20424.300000
b	1734067860	20424.300000	1734068520	20420.800000
b	1734068520	20420.800000	1734071640	20463.600000
b	1734072600	20463.200000	1734073140	20463.300000
s	1734073140	20463.300000	1734073200	20474.600000
b	1734076200	20521.600000	1734076800	20510.600000
s	1734078120	20509.600000	1734078660	20499.600000
b	1734078660	20499.600000	1734079080	20505.600000
s	1734079080	20505.600000	1734080280	20506.600000
s	1734080280	20506.600000	1734080580	20513.600000
s	1734081240	20514.600000	1734081600	20500.600000
s	1734081900	20507.600000	1734082140	20500.600000
s	1734082140	20500.600000	1734082680	20498.600000
s	1734082680	20498.600000	1734083820	20526.600000
b	1734084360	20523.600000	1734084720	20516.600000
b	1734084720	20516.600000	1734085200	20521.600000
b	1734085620	20516.600000	1734086580	20506.600000
s	1734086580	20506.600000	1734087000	20498.600000
s	1734087000	20498.600000	1734087720	20498.600000
b	1734087720	20498.600000	1734088140	20496.600000
s	1734088140	20496.600000	1734088620	20497.600000
s	1734088620	20497.600000	1734088860	20490.600000
s	1734088860	20490.600000	1734089100	20498.600000
b	1734089400	20492.600000	1734090720	20470.600000
s	1734090720	20470.600000	1734091080	20465.600000
b	1734091080	20465.600000	1734091440	20472.600000
b	1734091440	20472.600000	1734091620	20461.600000
b	1734091620	20461.600000	1734092340	20451.600000
b	1734093120	20460.600000	1734093180	20471.600000
b	1734096120	20479.600000	1734096420	20486.600000
s	1734096420	20486.600000	1734096900	20485.600000
s	1734096900	20485.600000	1734097380	20494.600000
s	1734097380	20494.600000	1734097620	20488.600000
s	1734097620	20488.600000	1734100080	20428.600000
b	1734100080	20428.600000	1734100800	20428.600000
s	1734100800	20428.600000	1734101340	20429.100000
b	1734101340	20429.100000	1734101580	20412.100000
s	1734101580	20412.100000	1734102600	20405.600000
b	1734102600	20405.600000	1734103560	20403.600000
s	1734103560	20403.600000	1734103740	20415.600000
b	1734103740	20415.600000	1734104400	20417.600000
s	1734104400	20417.600000	1734105180	20423.100000
s	1734105180	20423.100000	1734105360	20416.100000
s	1734105360	20416.100000	1734105540	20425.100000
b	1734106440	20425.600000	1734106860	20428.600000
b	1734106860	20428.600000	1734106920	20419.600000
b	1734108180	20414.600000	1734109260	20415.600000
s	1734109440	20422.600000	1734110700	20435.600000
s	1734110820	20440.600000	1734111780	20441.600000
b	1734111780	20441.600000	1734111900	20447.600000
s	1734112260	20442.600000	1734112800	20440.600000
s	1734113520	20442.600000	1734113760	20451.600000
s	1734113760	20451.600000	1734114480	20444.600000
b	1734114780	20443.600000	1734114900	20450.600000
b	1734115620	20452.600000	1734116400	20454.600000
s	1734116400	20454.600000	1734116760	20449.600000
s	1734116760	20449.600000	1734117060	20454.600000
b	1734117060	20454.600000	1734117420	20449.600000
b	1734118320	20446.600000	1734118740	20449.600000
b	1734118740	20449.600000	1734118920	20440.600000
s	1734118920	20440.600000	1734309000	20467.700000
b	1734309000	20467.700000	1734309480	20467.400000
b	1734310500	20466.700000	1734311160	20468.700000
s	1734311160	20468.700000	1734311460	20471.700000
s	1734311460	20471.700000	1734311760	20468.400000
s	1734311760	20468.400000	1734312840	20464.700000
s	1734312840	20464.700000	1734313080	20460.700000
b	1734313740	20463.700000	1734313920	20466.700000
s	1734313920	20466.700000	1734314160	20462.700000
b	1734314160	20462.700000	1734314940	20461.700000
s	1734314940	20461.700000	1734315240	20458.700000
s	1734315240	20458.700000	1734315300	20461.700000
b	1734315300	20461.700000	1734315600	20456.700000
s	1734315600	20456.700000	1734316620	20457.400000
s	1734316620	20457.400000	1734316800	20455.700000
s	1734317640	20448.700000	1734317820	20451.700000
s	1734317820	20451.700000	1734318180	20446.700000
s	1734318180	20446.700000	1734318660	20450.700000
s	1734318720	20446.700000	1734318960	20450.700000
b	1734318960	20450.700000	1734319080	20444.700000
b	1734319080	20444.700000	1734319500	20448.700000
b	1734319500	20448.700000	1734319560	20445.700000
s	1734320340	20447.700000	1734320580	20452.700000
s	1734322020	20442.700000	1734322560	20441.700000
b	1734323100	20441.700000	1734323220	20437.200000
b	1734323580	20440.700000	1734324060	20439.700000
s	1734324060	20439.700000	1734324360	20442.700000
b	1734324840	20441.700000	1734324900	20438.700000
s	1734326280	20425.700000	1734326700	20420.700000
b	1734326700	20420.700000	1734327900	20421.700000
b	1734329280	20426.000000	1734329580	20418.000000
s	1734329580	20418.000000	1734329940	20424.000000
b	1734330660	20421.000000	1734331140	20421.000000
b	1734331140	20421.000000	1734331320	20413.000000
s	1734331320	20413.000000	1734331740	20417.000000
b	1734332040	20410.000000	1734332220	20417.000000
b	1734332220	20417.000000	1734332400	20407.000000
s	1734332400	20407.000000	1734332880	20413.000000
s	1734332880	20413.000000	1734333180	20399.000000
b	1734333180	20399.000000	1734334500	20388.000000
b	1734334800	20379.000000	1734335040	20391.000000
s	1734335040	20391.000000	1734335400	20377.000000
b	1734336960	20375.000000	1734337020	20389.000000
b	1734337500	20388.000000	1734337920	20376.000000
s	1734337920	20376.000000	1734338280	20382.000000
s	1734339300	20380.500000	1734339900	20380.500000
b	1734339900	20380.500000	1734340140	20367.500000
b	1734341220	20359.500000	1734341820	20364.500000
b	1734342240	20367.600000	1734343140	20376.600000
s	1734343140	20376.600000	1734344340	20366.600000
s	1734344340	20366.600000	1734344760	20360.600000
s	1734345420	20361.600000	1734345720	20369.600000
b	1734345720	20369.600000	1734346260	20367.600000
s	1734347460	20370.600000	1734348300	20369.600000
b	1734349560	20368.600000	1734350640	20355.600000
s	1734351960	20369.600000	1734352320	20360.600000
b	1734352320	20360.600000	1734352680	20370.600000
b	1734354120	20373.600000	1734354900	20372.600000
b	1734354900	20372.600000	1734355260	20367.600000
b	1734355920	20360.600000	1734356400	20367.600000
b	1734357300	20357.600000	1734357540	20366.600000
b	1734357540	20366.600000	1734358200	20378.600000
s	1734358200	20378.600000	1734358800	20374.600000
s	1734359880	20368.600000	1734360480	20370.600000
s	1734361080	20364.600000	1734361800	20359.600000
b	1734362040	20351.600000	1734362700	20345.600000
b	1734362700	20345.600000	1734363060	20341.600000
s	1734363060	20341.600000	1734363480	20349.600000
s	1734363480	20349.600000	1734363900	20345.600000
b	1734363900	20345.600000	1734364200	20360.600000
b	1734364200	20360.600000	1734364620	20355.600000
b	1734364620	20355.600000	1734365340	20362.600000
s	1734365340	20362.600000	1734365880	20362.600000
s	1734365880	20362.600000	1734366180	20370.600000
s	1734366180	20370.600000	1734367020	20370.600000
s	1734367020	20370.600000	1734367140	20374.600000
s	1734367140	20374.600000	1734367620	20373.600000
s	1734367620	20373.600000	1734368340	20376.600000
s	1734369540	20382.600000	1734370260	20383.600000
b	1734370260	20383.600000	1734370980	20381.600000
b	1734370980	20381.600000	1734371520	20377.600000
b	1734372420	20373.600000	1734373500	20375.600000
b	1734373500	20375.600000	1734374340	20375.600000
b	1734374340	20375.600000	1734374880	20374.600000
s	1734374880	20374.600000	1734375180	20377.600000
b	1734375180	20377.600000	1734375720	20377.600000
b	1734375720	20377.600000	1734376080	20380.600000
s	1734376080	20380.600000	1734376440	20378.600000
b	1734376440	20378.600000	1734377220	20376.600000
s	1734377220	20376.600000	1734377460	20371.600000
s	1734379020	20358.600000	1734396000	20336.300000
b	1734396000	20336.300000	1734397260	20344.300000
s	1734397260	20344.300000	1734399720	20332.000000
s	1734400140	20330.300000	1734401220	20327.300000
s	1734401700	20323.300000	1734402180	20328.300000
b	1734402960	20330.300000	1734403800	20332.300000
b	1734403800	20332.300000	1734404280	20332.300000
s	1734404280	20332.300000	1734405540	20341.300000
s	1734405540	20341.300000	1734406080	20343.300000
b	1734406440	20342.300000	1734409560	20320.300000
s	1734409980	20320.300000	1734410520	20321.300000
b	1734410520	20321.300000	1734410700	20316.300000
s	1734410700	20316.300000	1734411120	20317.300000
b	1734411120	20317.300000	1734411180	20314.300000
s	1734411180	20314.300000	1734411600	20316.300000
b	1734411900	20313.300000	1734412500	20313.300000
s	1734412500	20313.300000	1734412980	20311.800000
b	1734412980	20311.800000	1734414720	20297.300000
s	1734414720	20297.300000	1734415860	20311.600000
s	1734415860	20311.600000	1734416340	20321.600000
b	1734416340	20321.600000	1734416520	20310.600000
b	1734416520	20310.600000	1734417000	20316.600000
s	1734417540	20313.600000	1734417660	20307.600000
s	1734417960	20307.600000	1734418440	20309.600000
b	1734418860	20315.600000	1734419160	20293.600000
s	1734419520	20318.600000	1734419880	20307.600000
b	1734419880	20307.600000	1734420600	20313.600000
b	1734421980	20320.600000	1734422160	20336.600000
s	1734424260	20345.600000	1734424500	20335.600000
s	1734424920	20345.600000	1734426480	20368.600000
s	1734426480	20368.600000	1734426960	20377.600000
s	1734426960	20377.600000	1734427800	20373.600000
s	1734427800	20373.600000	1734428040	20380.600000
b	1734428040	20380.600000	1734428640	20376.600000
s	1734428640	20376.600000	1734429180	20381.600000
s	1734430140	20377.600000	1734430440	20370.600000
b	1734430440	20370.600000	1734430740	20377.600000
b	1734431280	20379.600000	1734432000	20374.600000
b	1734432060	20370.600000	1734433260	20348.600000
s	1734434580	20333.600000	1734435000	20342.600000
s	1734435660	20334.600000	1734436200	20331.600000
b	1734436200	20331.600000	1734437760	20305.600000
b	1734437760	20305.600000	1734438240	20304.600000
s	1734438240	20304.600000	1734438840	20312.600000
s	1734439020	20304.400000	1734439080	20315.600000
b	1734441840	20336.600000	1734442020	20323.600000
s	1734442320	20334.600000	1734442620	20318.600000
b	1734442620	20318.600000	1734443460	20307.600000
b	1734444360	20317.600000	1734444660	20303.600000
s	1734444660	20303.600000	1734445080	20310.600000
s	1734445080	20310.600000	1734445200	20296.600000
b	1734445680	20298.600000	1734445980	20288.600000
b	1734445980	20288.600000	1734446160	20302.600000
s	1734446160	20302.600000	1734446820	20294.600000
b	1734447300	20299.600000	1734447720	20293.600000
s	1734449340	20284.600000	1734450360	20292.600000
b	1734450360	20292.600000	1734450480	20301.600000
s	1734450480	20301.600000	1734450960	20300.600000
s	1734452040	20300.600000	1734452220	20294.600000
s	1734452220	20294.600000	1734453000	20295.600000
s	1734453000	20295.600000	1734454080	20306.600000
b	1734454080	20306.600000	1734454440	20309.600000
s	1734454440	20309.600000	1734454680	20305.600000
s	1734456300	20296.600000	1734456480	20290.600000
s	1734456480	20290.600000	1734457560	20293.600000
b	1734457560	20293.600000	1734458340	20291.600000
s	1734458340	20291.600000	1734459240	20288.600000
s	1734459240	20288.600000	1734459600	20286.600000
s	1734459600	20286.600000	1734459960	20288.600000
b	1734459960	20288.600000	1734460260	20283.600000
b	1734460260	20283.600000	1734461040	20280.600000
s	1734461040	20280.600000	1734461400	20273.600000
b	1734461400	20273.600000	1734462180	20277.600000
s	1734462180	20277.600000	1734462420	20270.600000
b	1734462420	20270.600000	1734463800	20262.600000
s	1734463800	20262.600000	1734464220	20259.600000
s	1734464220	20259.600000	1734464400	20266.600000
s	1734464400	20266.600000	1734481800	20248.100000
b	1734481800	20248.100000	1734482520	20246.100000
s	1734482520	20246.100000	1734483000	20244.100000
b	1734483000	20244.100000	1734483540	20247.100000
b	1734483540	20247.100000	1734483720	20243.100000
s	1734483720	20243.100000	1734484020	20248.100000
b	1734485220	20252.100000	1734485520	20251.100000
s	1734486600	20246.600000	1734486660	20244.100000
b	1734486660	20244.100000	1734486840	20247.100000
b	1734489540	20225.100000	1734490080	20226.100000
b	1734490860	20224.600000	1734491160	20221.100000
b	1734491760	20220.100000	1734493620	20240.100000
b	1734493980	20242.100000	1734494400	20242.100000
b	1734494400	20242.100000	1734495180	20238.100000
s	1734495180	20238.100000	1734496620	20241.100000
b	1734499200	20269.600000	1734500460	20258.100000
s	1734500460	20258.100000	1734501240	20259.100000
s	1734501720	20258.100000	1734502140	20264.400000
b	1734502140	20264.400000	1734502800	20263.400000
b	1734502800	20263.400000	1734503220	20268.400000
s	1734503220	20268.400000	1734503400	20263.400000
b	1734503400	20263.400000	1734503460	20269.400000
b	1734504360	20274.400000	1734504420	20268.400000
b	1734504780	20265.400000	1734505140	20275.400000
s	1734505140	20275.400000	1734505680	20290.200000
b	1734505680	20290.200000	1734506280	20292.400000
b	1734506280	20292.400000	1734506400	20282.400000
b	1734506580	20292.400000	1734507660	20313.400000
b	1734508080	20315.400000	1734508440	20300.400000
b	1734508440	20300.400000	1734509640	20303.400000
s	1734509640	20303.400000	1734510180	20296.400000
b	1734510180	20296.400000	1734510780	20297.400000
s	1734510780	20297.400000	1734511140	20288.400000
s	1734511140	20288.400000	1734511380	20299.400000
b	1734511380	20299.400000	1734511740	20293.400000
b	1734512640	20300.400000	1734514320	20319.400000
b	1734514320	20319.400000	1734514740	20327.400000
s	1734516780	20351.400000	1734517440	20358.400000
b	1734517560	20353.400000	1734518820	20341.400000
b	1734518820	20341.400000	1734519240	20333.400000
b	1734519240	20333.400000	1734519780	20333.400000
s	1734519780	20333.400000	1734521100	20337.400000
b	1734521100	20337.400000	1734521820	20335.400000
s	1734521820	20335.400000	1734522000	20328.400000
b	1734522000	20328.400000	1734522480	20334.400000
s	1734522480	20334.400000	1734523080	20328.400000
s	1734523860	20311.400000	1734524700	20307.400000
b	1734524700	20307.400000	1734525300	20307.400000
s	1734525300	20307.400000	1734526200	20292.400000
s	1734526200	20292.400000	1734526740	20289.400000
s	1734526740	20289.400000	1734527220	20296.400000
b	1734527640	20293.400000	1734528180	20295.400000
b	1734528180	20295.400000	1734528300	20286.400000
b	1734528300	20286.400000	1734528720	20294.400000
s	1734528720	20294.400000	1734530100	20315.400000
b	1734531000	20312.400000	1734531540	20320.400000
b	1734531540	20320.400000	1734532440	20319.400000
s	1734532440	20319.400000	1734532740	20312.400000
s	1734532740	20312.400000	1734533160	20320.400000
b	1734533640	20316.400000	1734535500	20283.400000
s	1734535500	20283.400000	1734536040	20283.400000
b	1734536040	20283.400000	1734536760	20285.400000
b	1734536760	20285.400000	1734537000	20279.400000
b	1734537000	20279.400000	1734537180	20286.400000
b	1734537180	20286.400000	1734537420	20277.400000
s	1734537420	20277.400000	1734538020	20283.400000
b	1734538020	20283.400000	1734539160	20296.400000
b	1734539160	20296.400000	1734539220	20302.400000
s	1734539220	20302.400000	1734539340	20295.400000
s	1734539340	20295.400000	1734539820	20301.400000
b	1734539940	20291.400000	1734540480	20293.400000
s	1734542280	20286.400000	1734542940	20286.400000
b	1734543120	20292.400000	1734543540	20289.400000
b	1734543960	20293.400000	1734544680	20296.400000
b	1734544680	20296.400000	1734546000	20237.400000
s	1734546480	20231.400000	1734546720	20252.400000
b	1734546720	20252.400000	1734547320	20212.400000
s	1734547320	20212.400000	1734548760	20155.400000
s	1734548760	20155.400000	1734549180	20133.400000
b	1734549180	20133.400000	1734549600	20141.400000
b	1734549600	20141.400000	1734549960	20130.200000
s	1734549960	20130.200000	1734551280	20070.400000
b	1734551280	20070.400000	1734551760	20059.200000
s	1734551760	20059.200000	1734568620	20004.900000
b	1734568620	20004.900000	1734570060	20023.900000
s	1734570060	20023.900000	1734570600	20026.900000
s	1734570600	20026.900000	1734571560	20028.600000
s	1734571560	20028.600000	1734572940	20012.900000
b	1734572940	20012.900000	1734573540	20012.600000
b	1734574440	20014.900000	1734575100	20009.900000
b	1734575520	20011.900000	1734576180	20019.900000
s	1734576180	20019.900000	1734576480	20023.900000
s	1734576480	20023.900000	1734577440	20025.900000
b	1734577440	20025.900000	1734577680	20030.900000
b	1734577680	20030.900000	1734577920	20023.900000
b	1734577920	20023.900000	1734578100	20031.900000
s	1734578100	20031.900000	1734579060	20037.900000
s	1734579300	20043.900000	1734579480	20037.900000
s	1734579480	20037.900000	1734580320	20027.900000
s	1734582180	20036.900000	1734583380	20029.900000
b	1734583380	20029.900000	1734583620	20025.900000
s	1734583620	20025.900000	1734584820	20018.900000
b	1734585180	20015.400000	1734585480	20025.900000
s	1734585480	20025.900000	1734585660	20012.900000
s	1734586500	20014.900000	1734587340	20015.900000
b	1734587340	20015.900000	1734587700	20019.900000
b	1734588600	20014.200000	1734588960	20035.200000
s	1734592500	20056.200000	1734592800	20068.200000
b	1734592800	20068.200000	1734594840	20117.700000
b	1734594840	20117.700000	1734595020	20129.700000
b	1734595200	20117.700000	1734596820	20077.700000
s	1734596820	20077.700000	1734597240	20066.500000
b	1734597240	20066.500000	1734597360	20084.500000
s	1734597960	20073.700000	1734598860	20070.700000
b	1734598860	20070.700000	1734599280	20065.700000
s	1734599280	20065.700000	1734599580	20071.700000
b	1734599580	20071.700000	1734600180	20083.700000
b	1734600180	20083.700000	1734600780	20072.700000
b	1734600780	20072.700000	1734600960	20053.700000
b	1734600960	20053.700000	1734602160	20025.700000
b	1734602160	20025.700000	1734603300	20030.900000
s	1734603300	20030.900000	1734604080	20027.700000
s	1734604140	20018.700000	1734604560	20025.700000
b	1734606900	20089.700000	1734607500	20095.700000
b	1734607500	20095.700000	1734608460	20079.700000
s	1734608460	20079.700000	1734609180	20075.700000
b	1734609180	20075.700000	1734609420	20091.700000
b	1734609420	20091.700000	1734609960	20092.700000
b	1734610500	20098.700000	1734610800	20091.500000
s	1734611940	20098.700000	1734612480	20098.700000
b	1734612480	20098.700000	1734612660	20082.500000
s	1734612660	20082.500000	1734613200	20084.700000
b	1734614160	20077.700000	1734614760	20076.700000
s	1734614760	20076.700000	1734614940	20066.500000
b	1734615360	20055.700000	1734616560	20040.700000
b	1734616560	20040.700000	1734616860	20030.500000
s	1734616860	20030.500000	1734617520	20017.700000
b	1734617520	20017.700000	1734618060	20013.500000
b	1734618060	20013.500000	1734618300	20022.700000
s	1734618300	20022.700000	1734618480	19997.700000
b	1734618480	19997.700000	1734619020	20009.700000
b	1734619020	20009.700000	1734620220	20013.500000
s	1734620220	20013.500000	1734621300	20013.700000
s	1734622200	20020.700000	1734622620	20029.700000
b	1734622620	20029.700000	1734623400	20009.700000
s	1734623760	20017.700000	1734624120	20001.500000
s	1734624120	20001.500000	1734625800	19980.700000
b	1734626340	19980.500000	1734627000	19974.500000
s	1734627000	19974.500000	1734627360	19986.700000
b	1734627360	19986.700000	1734627720	19977.700000
b	1734627720	19977.700000	1734628080	19990.500000
b	1734630000	20005.700000	1734630360	20012.700000
b	1734630840	20009.500000	1734631020	20017.700000
b	1734632580	20006.500000	1734632880	19995.500000
s	1734632880	19995.500000	1734634260	19994.500000
s	1734634260	19994.500000	1734634440	19989.500000
b	1734634800	19993.700000	1734635400	19984.500000
b	1734635400	19984.500000	1734635640	19993.500000
b	1734635640	19993.500000	1734636420	19998.700000
s	1734636420	19998.700000	1734637140	20000.700000
b	1734637140	20000.700000	1734637500	19994.500000
b	1734637500	19994.500000	1734657000	19854.900000
s	1734658260	19850.900000	1734658680	19853.400000
s	1734658680	19853.400000	1734658800	19851.100000
b	1734659160	19857.400000	1734660120	19860.400000
b	1734661320	19856.400000	1734661740	19856.100000
b	1734661740	19856.100000	1734663120	19820.400000
b	1734663600	19821.100000	1734664500	19848.100000
s	1734664500	19848.100000	1734665100	19841.400000
s	1734665100	19841.400000	1734666120	19841.400000
s	1734666420	19845.400000	1734668100	19864.100000
b	1734668100	19864.100000	1734668400	19872.400000
s	1734669000	19873.900000	1734669540	19874.100000
b	1734669540	19874.100000	1734670140	19876.100000
s	1734670140	19876.100000	1734670680	19880.400000
b	1734671760	19870.400000	1734673080	19868.900000
b	1734673080	19868.900000	1734673980	19864.400000
s	1734675360	19904.700000	1734675480	19889.700000
b	1734675480	19889.700000	1734677880	19853.700000
b	1734678240	19843.000000	1734679320	19809.700000
s	1734679620	19784.300000	1734680940	19762.500000
s	1734681600	19782.300000	1734682260	19775.500000
s	1734682680	19760.700000	1734682740	19779.500000
b	1734683040	19748.700000	1734683400	19758.500000
b	1734683760	19752.500000	1734685020	19749.700000
b	1734685020	19749.700000	1734685860	19761.700000
b	1734685860	19761.700000	1734686820	19738.700000
b	1734686820	19738.700000	1734687420	19732.700000
s	1734687420	19732.700000	1734687960	19738.700000
s	1734687960	19738.700000	1734688800	19752.500000
b	1734688800	19752.500000	1734689640	19754.700000
s	1734692280	19712.500000	1734692340	19696.500000
s	1734693660	19688.200000	1734694020	19675.000000
s	1734694020	19675.000000	1734694260	19688.200000
s	1734695820	19730.200000	1734696900	19721.000000
b	1734696900	19721.000000	1734697500	19733.200000
b	1734697500	19733.200000	1734698460	19749.200000
b	1734698460	19749.200000	1734700200	19744.200000
s	1734700200	19744.200000	1734700560	19735.200000
b	1734700560	19735.200000	1734700680	19746.200000
s	1734700680	19746.200000	1734700920	19734.200000
s	1734700920	19734.200000	1734701400	19742.200000
b	1734701400	19742.200000	1734702480	19774.200000
b	1734702480	19774.200000	1734702780	19797.200000
s	1734702780	19797.200000	1734703140	19787.000000
s	1734703140	19787.000000	1734703200	19804.200000
b	1734703200	19804.200000	1734703740	19808.200000
s	1734703980	19830.200000	1734705900	19875.200000
s	1734705900	19875.200000	1734706200	19886.200000
s	1734708540	19936.200000	1734709200	19937.200000
s	1734709500	19928.200000	1734710280	19936.200000
b	1734710280	19936.200000	1734710880	19933.200000
s	1734710880	19933.200000	1734711000	19941.200000
b	1734712320	19943.200000	1734712740	19953.200000
b	1734713340	19959.200000	1734713940	19951.200000
s	1734715560	19936.200000	1734716280	19931.200000
b	1734716280	19931.200000	1734717180	19932.200000
s	1734717600	19928.200000	1734718200	19935.200000
b	1734718200	19935.200000	1734720000	19967.200000
b	1734720000	19967.200000	1734720180	19973.200000
b	1734720180	19973.200000	1734720420	19966.200000
b	1734721200	19957.200000	1734721500	19952.200000
b	1734721500	19952.200000	1734722760	19936.200000
s	1734722760	19936.200000	1734723000	19925.200000
s	1734723000	19925.200000	1734723960	19911.200000
